sno,Unnamed: 0,wait
0,0,7809
1,10,8048
2,20,3956
3,30,7469
4,40,7483
5,50,8187
6,60,8306
7,70,7551
8,80,7359
9,90,7552
10,100,7600
11,110,7247
12,120,6747
13,130,7633
14,140,7976
15,150,8229
16,160,8769
17,170,8254
18,180,8309
19,190,8062
20,200,2051
21,210,6488
22,220,7100
23,230,3407
24,240,5264
25,250,5868
26,260,7499
27,270,7386
28,280,7047
29,290,7065
30,300,7724
31,310,8378
32,320,8094
33,330,2178
34,340,6627
35,350,7124
36,360,7746
37,370,7833
38,380,5457
39,390,7278
40,400,7612
41,410,8083
42,420,8446
43,430,8221
44,440,2714
45,450,6283
46,460,4239
47,470,7113
48,480,7100
49,490,4635
50,500,6725
51,510,5198
52,520,6109
53,530,7272
54,540,8021
55,550,1719
56,560,7050
57,570,7368
58,580,8128
59,590,8506
60,600,7654
61,610,8091
62,620,8025
63,630,7530
64,640,7677
65,650,7583
66,660,7059
67,670,7903
68,680,8246
69,690,8216
70,700,7543
71,710,7143
72,720,6803
73,730,2559
74,740,3631
75,750,1914
76,760,3396
77,770,1961
78,780,2123
79,790,2148
80,800,2142
81,810,2849
82,820,1853
83,830,2129
84,840,2173
85,850,2809
86,860,2899
87,870,2157
88,880,2197
89,890,2191
90,900,2137
91,910,2884
92,920,2122
93,930,2149
94,940,2351
95,950,2099
96,960,2089
97,970,3269
98,980,2157
99,990,2163
100,1000,3206
101,1010,2325
102,1020,2141
103,1030,2232
104,1040,2275
105,1050,2072
106,1060,2101
107,1070,2412
108,1080,2223
109,1090,2266
110,1100,2162
111,1110,2162
112,1120,4845
113,1130,2713
114,1140,3027
115,1150,3642
116,1160,1970
117,1170,3440
118,1180,2444
119,1190,3069
120,1200,4227
121,1210,2806
122,1220,3177
123,1230,2857
124,1240,2159
125,1250,3228
126,1260,1989
127,1270,2152
128,1280,3415
129,1290,2416
130,1300,3100
131,1310,1698
132,1320,2284
133,1330,2211
134,1340,3782
135,1350,3188
136,1360,1758
137,1370,3245
138,1380,1910
139,1390,2727
140,1400,1879
141,1410,2140
142,1420,2121
143,1430,2189
144,1440,2142
145,1450,2161
146,1460,2269
147,1470,2195
148,1480,2380
149,1490,2931
150,1500,6090
151,1510,3017
152,1520,5815
153,1530,2418
154,1540,5315
155,1550,3728
156,1560,5398
157,1570,1491
158,1580,3265
159,1590,2245
160,1600,5803
161,1610,1505
162,1620,4994
163,1630,6884
164,1640,7539
165,1650,7411
166,1660,2782
167,1670,6866
168,1680,7361
169,1690,8096
170,1700,7795
171,1710,8009
172,1720,7551
173,1730,7390
174,1740,8098
175,1750,8026
176,1760,8051
177,1770,8075
178,1780,7548
179,1790,5609
180,1800,6887
181,1810,7110
182,1820,7906
183,1830,8025
184,1840,7103
185,1850,6880
186,1860,7636
187,1870,8120
188,1880,7270
189,1890,6609
190,1900,7362
191,1910,7963
192,1920,8066
193,1930,8693
194,1940,8272
195,1950,7752
196,1960,1481
197,1970,5470
198,1980,6722
199,1990,6802
200,2000,7866
201,2010,7587
202,2020,8200
203,2030,7376
204,2040,7127
205,2050,1672
206,2060,4314
207,2070,6231
208,2080,7678
209,2090,7434
210,2100,8302
211,2110,7742
212,2120,7703
213,2130,6085
214,2140,7344
215,2150,8053
216,2160,8058
217,2170,7250
218,2180,7578
219,2190,7580
220,2200,7229
221,2210,7955
222,2220,8506
223,2230,7817
224,2240,7201
225,2250,7639
226,2260,6724
227,2270,7328
228,2280,8061
229,2290,8151
230,2300,8135
231,2310,8445
232,2320,7065
233,2330,7420
234,2340,8002
235,2350,7532
236,2360,7799
237,2370,7989
238,2380,8191
239,2390,7903
240,2400,8018
241,2410,6592
242,2420,3417
243,2430,6107
244,2440,7712
245,2450,8378
246,2460,8050
247,2470,7966
248,2480,8261
249,2490,7447
250,2500,7772
251,2510,7794
252,2520,7894
253,2530,7732
254,2540,8250
255,2550,7350
256,2560,7066
257,2570,7709
258,2580,8444
259,2590,7935
260,2600,5528
261,2610,7045
262,2620,7532
263,2630,7474
264,2640,7704
265,2650,6147
266,2660,2005
267,2670,6482
268,2680,7290
269,2690,6854
270,2700,7510
271,2710,7961
272,2720,7876
273,2730,7148
274,2740,8183
275,2750,8339
276,2760,8414
277,2770,7646
278,2780,7749
279,2790,7336
280,2800,7547
281,2810,7697
282,2820,7631
283,2830,7354
284,2840,7223
285,2850,2874
286,2860,6269
287,2870,6916
288,2880,7615
289,2890,7727
290,2900,8483
291,2910,8465
292,2920,8014
293,2930,7565
294,2940,7875
295,2950,7571
296,2960,7858
297,2970,7681
298,2980,7417
299,2990,7695
300,3000,8184
301,3010,7031
302,3020,3394
303,3030,6031
304,3040,1532
305,3050,5215
306,3060,7136
307,3070,7640
308,3080,8000
309,3090,7521
310,3100,7574
311,3110,8060
312,3120,7465
313,3130,6715
314,3140,7467
315,3150,7626
316,3160,7326
317,3170,6368
318,3180,6599
319,3190,7556
320,3200,7122
321,3210,7516
322,3220,7412
323,3230,7315
324,3240,5996
325,3250,6733
326,3260,5627
327,3270,5569
328,3280,5310
329,3290,6704
330,3300,7284
331,3310,6990
332,3320,7491
333,3330,7504
334,3340,7729
335,3350,7964
336,3360,7953
337,3370,8172
338,3380,8152
339,3390,7691
340,3400,7083
341,3410,7710
342,3420,4319
343,3430,3337
344,3440,6364
345,3450,1634
346,3460,2324
347,3470,3530
348,3480,4397
349,3490,2020
350,3500,3763
351,3510,6920
352,3520,7654
353,3530,7360
354,3540,7052
355,3550,7376
356,3560,6953
357,3570,7646
358,3580,8209
359,3590,7412
360,3600,7742
361,3610,7838
362,3620,7829
363,3630,6617
364,3640,7892
365,3650,6787
366,3660,7564
367,3670,7220
368,3680,7509
369,3690,7413
370,3700,7978
371,3710,7759
372,3720,7640
373,3730,7057
374,3740,5857
375,3750,6921
376,3760,8274
377,3770,5070
378,3780,7303
379,3790,7271
380,3800,7184
381,3810,7771
382,3820,7710
383,3830,8725
384,3840,7676
385,3850,7478
386,3860,8081
387,3870,7914
388,3880,6604
389,3890,7869
390,3900,8599
391,3910,8283
392,3920,7897
393,3930,6839
394,3940,7615
395,3950,8246
396,3960,7555
397,3970,6496
398,3980,7117
399,3990,7931
400,4000,8240
401,4010,7801
402,4020,6631
403,4030,7077
404,4040,7138
405,4050,6536
406,4060,7249
407,4070,8170
408,4080,7788
409,4090,8015
410,4100,8668
411,4110,1489
412,4120,7250
413,4130,7567
414,4140,8174
415,4150,7206
416,4160,7604
417,4170,8056
418,4180,7810
419,4190,7883
420,4200,7378
421,4210,7465
422,4220,8557
423,4230,8117
424,4240,8200
425,4250,7858
426,4260,7451
427,4270,8061
428,4280,7166
429,4290,7657
430,4300,8841
431,4310,7497
432,4320,6974
433,4330,7187
434,4340,7807
435,4350,8008
436,4360,7286
437,4370,7786
438,4380,8479
439,4390,7955
440,4400,7746
441,4410,7911
442,4420,8167
443,4430,7752
444,4440,1817
445,4450,6908
446,4460,8057
447,4470,7825
448,4480,7200
449,4490,7281
450,4500,8276
451,4510,7981
452,4520,8602
453,4530,8492
454,4540,8243
455,4550,6836
456,4560,7617
457,4570,7916
458,4580,7723
459,4590,6684
460,4600,7258
461,4610,7387
462,4620,8300
463,4630,8106
464,4640,7789
465,4650,7647
466,4660,7501
467,4670,8108
468,4680,7683
469,4690,6856
470,4700,3831
471,4710,6506
472,4720,1714
473,4730,5716
474,4740,7562
475,4750,8270
476,4760,7492
477,4770,7586
478,4780,7902
479,4790,7811
480,4800,7888
481,4810,8754
482,4820,8408
483,4830,6788
484,4840,7575
485,4850,7377
486,4860,7464
487,4870,7797
488,4880,7027
489,4890,7812
490,4900,8360
491,4910,8333
492,4920,7435
493,4930,7990
494,4940,8017
495,4950,7990
496,4960,7654
497,4970,7773
498,4980,7922
499,4990,8232
500,5000,8014
501,5010,7161
502,5020,7884
503,5030,7377
504,5040,7563
505,5050,7246
506,5060,8335
507,5070,8161
508,5080,7746
509,5090,7299
510,5100,8013
511,5110,8065
512,5120,7779
513,5130,7701
514,5140,7438
515,5150,7903
516,5160,7621
517,5170,8227
518,5180,8227
519,5190,8380
520,5200,8584
521,5210,8515
522,5220,7705
523,5230,6399
524,5240,7657
525,5250,7633
526,5260,7018
527,5270,7770
528,5280,8308
529,5290,7832
530,5300,7303
531,5310,2008
532,5320,5113
533,5330,7273
534,5340,7386
535,5350,7945
536,5360,7472
537,5370,7556
538,5380,7875
539,5390,7614
540,5400,7588
541,5410,7907
542,5420,8122
543,5430,7637
544,5440,7635
545,5450,8411
546,5460,7816
547,5470,7460
548,5480,8253
549,5490,7647
550,5500,8094
551,5510,8092
552,5520,7630
553,5530,8011
554,5540,7833
555,5550,8168
556,5560,8561
557,5570,7716
558,5580,8281
559,5590,7888
560,5600,7127
561,5610,6590
562,5620,7537
563,5630,8289
564,5640,6683
565,5650,7163
566,5660,7453
567,5670,7585
568,5680,7787
569,5690,8106
570,5700,7393
571,5710,6783
572,5720,8008
573,5730,8007
574,5740,8400
575,5750,8417
576,5760,8349
577,5770,7691
578,5780,7283
579,5790,7240
580,5800,7974
581,5810,7516
582,5820,7489
583,5830,7561
584,5840,7885
585,5850,8142
586,5860,7954
587,5870,2803
588,5880,7644
589,5890,7471
590,5900,8260
591,5910,8337
592,5920,8563
593,5930,7298
594,5940,7848
595,5950,7521
596,5960,8232
597,5970,7485
598,5980,7616
599,5990,7966
600,6000,7417
601,6010,7472
602,6020,7910
603,6030,6842
604,6040,7212
605,6050,7926
606,6060,8137
607,6070,8660
608,6080,8314
609,6090,7933
610,6100,8273
611,6110,7440
612,6120,6800
613,6130,4433
614,6140,7002
615,6150,8391
616,6160,7991
617,6170,7673
618,6180,8228
619,6190,7733
620,6200,7515
621,6210,7287
622,6220,7510
623,6230,8228
624,6240,7427
625,6250,8079
626,6260,7437
627,6270,7900
628,6280,7246
629,6290,7689
630,6300,8043
631,6310,8722
632,6320,5749
633,6330,7923
634,6340,7097
635,6350,6168
636,6360,7105
637,6370,7553
638,6380,7022
639,6390,7363
640,6400,8308
641,6410,8425
642,6420,7613
643,6430,8106
644,6440,7687
645,6450,8176
646,6460,7620
647,6470,7373
648,6480,8505
649,6490,8189
650,6500,8287
651,6510,8558
652,6520,8317
653,6530,8434
654,6540,7127
655,6550,5944
656,6560,7232
657,6570,7934
658,6580,6931
659,6590,8212
660,6600,8175
661,6610,7541
662,6620,7687
663,6630,8004
664,6640,8285
665,6650,7430
666,6660,7524
667,6670,8163
668,6680,6416
669,6690,7510
670,6700,7976
671,6710,8244
672,6720,7644
673,6730,7048
674,6740,7203
675,6750,6204
676,6760,7436
677,6770,7744
678,6780,8174
679,6790,7926
680,6800,8191
681,6810,7947
682,6820,7543
683,6830,7228
684,6840,7745
685,6850,8152
686,6860,8295
687,6870,7868
688,6880,7430
689,6890,7812
690,6900,7720
691,6910,8506
692,6920,8201
693,6930,5372
694,6940,6393
695,6950,7106
696,6960,7771
697,6970,8504
698,6980,9135
699,6990,8518
700,7000,7162
701,7010,7925
702,7020,8429
703,7030,7775
704,7040,7409
705,7050,7629
706,7060,6829
707,7070,7542
708,7080,8229
709,7090,8295
710,7100,8298
711,7110,8646
712,7120,1388
713,7130,7318
714,7140,7792
715,7150,8717
716,7160,7898
717,7170,7444
718,7180,7860
719,7190,7627
720,7200,7690
721,7210,7649
722,7220,7926
723,7230,7735
724,7240,7938
725,7250,7470
726,7260,6987
727,7270,7137
728,7280,6918
729,7290,8132
730,7300,8121
731,7310,7973
732,7320,7781
733,7330,8536
734,7340,8217
735,7350,7764
736,7360,6847
737,7370,7438
738,7380,7675
739,7390,7673
740,7400,7922
741,7410,7929
742,7420,8125
743,7430,8338
744,7440,7595
745,7450,7434
746,7460,7081
747,7470,6374
748,7480,6933
749,7490,6388
750,7500,7104
751,7510,7991
752,7520,8115
753,7530,7195
754,7540,7417
755,7550,7596
756,7560,7839
757,7570,7829
758,7580,7147
759,7590,7380
760,7600,7604
761,7610,8140
762,7620,8485
763,7630,2775
764,7640,6200
765,7650,7200
766,7660,2532
767,7670,4490
768,7680,5892
769,7690,7879
770,7700,7760
771,7710,8078
772,7720,8157
773,7730,8076
774,7740,7835
775,7750,7025
776,7760,8175
777,7770,8485
778,7780,8389
779,7790,8379
780,7800,7455
781,7810,7113
782,7820,8001
783,7830,8727
784,7840,8062
785,7850,7954
786,7860,7811
787,7870,8477
788,7880,8109
789,7890,7721
790,7900,5508
791,7910,7331
792,7920,7376
793,7930,7227
794,7940,7433
795,7950,8508
796,7960,7665
797,7970,5035
798,7980,2434
799,7990,2084
800,8000,6028
801,8010,7155
802,8020,7697
803,8030,7196
804,8040,7488
805,8050,7374
806,8060,7393
807,8070,7014
808,8080,7282
809,8090,8124
810,8100,7199
811,8110,7830
812,8120,8247
813,8130,8698
814,8140,8257
815,8150,7230
816,8160,7751
817,8170,7239
818,8180,7954
819,8190,8348
820,8200,8075
821,8210,1723
822,8220,6647
823,8230,7420
824,8240,8348
825,8250,8097
826,8260,7956
827,8270,8049
828,8280,7691
829,8290,8391
830,8300,7837
831,8310,8115
832,8320,8095
833,8330,7805
834,8340,7994
835,8350,8394
836,8360,8390
837,8370,8254
838,8380,7761
839,8390,2411
840,8400,8438
841,8410,7940
842,8420,7605
843,8430,7748
844,8440,7927
845,8450,8070
846,8460,8214
847,8470,7874
848,8480,8115
849,8490,8754
850,8500,7828
851,8510,7519
852,8520,4638
853,8530,1689
854,8540,3249
855,8550,4172
856,8560,7376
857,8570,4388
858,8580,2053
859,8590,5876
860,8600,1785
861,8610,4998
862,8620,2658
863,8630,4530
864,8640,2613
865,8650,2226
866,8660,3969
867,8670,1990
868,8680,5921
869,8690,1792
870,8700,2282
871,8710,5287
872,8720,7217
873,8730,1566
874,8740,2636
875,8750,2353
876,8760,3637
877,8770,6471
878,8780,4350
879,8790,2708
880,8800,6587
881,8810,2628
882,8820,2620
883,8830,2763
884,8840,6259
885,8850,2381
886,8860,2711
887,8870,5891
888,8880,2827
889,8890,3586
890,8900,6345
891,8910,3629
892,8920,4992
893,8930,2497
894,8940,3660
895,8950,4670
896,8960,1896
897,8970,3271
898,8980,3346
899,8990,3921
900,9000,3534
901,9010,5153
902,9020,5057
903,9030,2000
904,9040,3176
905,9050,3446
906,9060,2593
907,9070,3109
908,9080,3216
909,9090,2079
910,9100,4774
911,9110,4129
912,9120,3144
913,9130,5678
914,9140,1895
915,9150,2324
916,9160,2793
917,9170,4185
918,9180,5985
919,9190,5238
920,9200,7171
921,9210,7709
922,9220,7958
923,9230,7644
924,9240,7625
925,9250,3186
926,9260,5722
927,9270,6831
928,9280,6487
929,9290,7851
930,9300,7905
931,9310,7470
932,9320,7261
933,9330,7348
934,9340,8094
935,9350,7847
936,9360,8152
937,9370,8318
938,9380,8191
939,9390,5258
940,9400,3472
941,9410,3910
942,9420,4460
943,9430,6753
944,9440,2378
945,9450,6579
946,9460,6774
947,9470,7648
948,9480,7215
949,9490,6704
950,9500,6042
951,9510,6818
952,9520,1899
953,9530,6568
954,9540,8093
955,9550,8032
956,9560,7960
957,9570,7795
958,9580,7404
959,9590,7117
960,9600,6779
961,9610,6455
962,9620,7480
963,9630,7928
964,9640,7366
965,9650,8005
966,9660,6708
967,9670,3848
968,9680,3251
969,9690,3640
970,9700,5029
971,9710,3101
972,9720,2710
973,9730,3333
974,9740,4338
975,9750,3211
976,9760,5476
977,9770,3298
978,9780,3189
979,9790,2826
980,9800,2931
981,9810,2407
982,9820,2933
983,9830,3467
984,9840,2803
985,9850,4655
986,9860,3911
987,9870,2756
988,9880,3974
989,9890,6110
990,9900,4947
991,9910,3652
992,9920,5705
993,9930,3726
994,9940,3292
995,9950,3672
996,9960,6008
997,9970,2661
998,9980,2593
999,9990,6599
1000,10000,7048
1001,10010,7273
1002,10020,7363
1003,10030,7821
1004,10040,7934
1005,10050,7307
1006,10060,6861
1007,10070,6872
1008,10080,7571
1009,10090,7305
1010,10100,7460
1011,10110,7717
1012,10120,7652
1013,10130,7258
1014,10140,6905
1015,10150,7725
1016,10160,7571
1017,10170,7646
1018,10180,8410
1019,10190,8191
1020,10200,1936
1021,10210,5725
1022,10220,7321
1023,10230,8364
1024,10240,7394
1025,10250,3088
1026,10260,6232
1027,10270,6666
1028,10280,8244
1029,10290,8101
1030,10300,8136
1031,10310,7517
1032,10320,6758
1033,10330,7463
1034,10340,7754
1035,10350,8024
1036,10360,7593
1037,10370,6919
1038,10380,7852
1039,10390,7519
1040,10400,7864
1041,10410,7775
1042,10420,8083
1043,10430,8782
1044,10440,8519
1045,10450,2991
1046,10460,6893
1047,10470,3451
1048,10480,2364
1049,10490,3651
1050,10500,3594
1051,10510,4948
1052,10520,3654
1053,10530,3929
1054,10540,4131
1055,10550,5018
1056,10560,3401
1057,10570,4971
1058,10580,7363
1059,10590,7292
1060,10600,6051
1061,10610,7673
1062,10620,8887
1063,10630,8161
1064,10640,7741
1065,10650,8163
1066,10660,8175
1067,10670,7081
1068,10680,7137
1069,10690,7093
1070,10700,8103
1071,10710,8072
1072,10720,8540
1073,10730,8291
1074,10740,8595
1075,10750,6967
1076,10760,6966
1077,10770,8244
1078,10780,7670
1079,10790,7224
1080,10800,7054
1081,10810,7809
1082,10820,7933
1083,10830,8345
1084,10840,8014
1085,10850,8382
1086,10860,8015
1087,10870,7370
1088,10880,7576
1089,10890,7701
1090,10900,7753
1091,10910,8132
1092,10920,7770
1093,10930,8142
1094,10940,8262
1095,10950,1602
1096,10960,7589
1097,10970,7207
1098,10980,3393
1099,10990,1790
1100,11000,6163
1101,11010,7276
1102,11020,7568
1103,11030,7551
1104,11040,2248
1105,11050,3181
1106,11060,6136
1107,11070,3497
1108,11080,7397
1109,11090,7224
1110,11100,8046
1111,11110,7569
1112,11120,7199
1113,11130,7389
1114,11140,7386
1115,11150,8092
1116,11160,8383
1117,11170,8262
1118,11180,7265
1119,11190,7589
1120,11200,8304
1121,11210,2945
1122,11220,7153
1123,11230,7673
1124,11240,7095
1125,11250,7743
1126,11260,8056
1127,11270,7419
1128,11280,8299
1129,11290,8512
1130,11300,8047
1131,11310,8414
1132,11320,8846
1133,11330,7992
1134,11340,7926
1135,11350,8339
1136,11360,8793
1137,11370,8325
1138,11380,5758
1139,11390,4174
1140,11400,5852
1141,11410,7246
1142,11420,8468
1143,11430,7740
1144,11440,7057
1145,11450,7874
1146,11460,8792
1147,11470,1469
1148,11480,7012
1149,11490,4775
1150,11500,2940
1151,11510,2754
1152,11520,1841
1153,11530,2245
1154,11540,2378
1155,11550,6393
1156,11560,2606
1157,11570,4329
1158,11580,2456
1159,11590,3169
1160,11600,1918
1161,11610,3082
1162,11620,3716
1163,11630,1576
1164,11640,3973
1165,11650,2813
1166,11660,3348
1167,11670,7006
1168,11680,7403
1169,11690,8264
1170,11700,7969
1171,11710,7288
1172,11720,7592
1173,11730,7788
1174,11740,8481
1175,11750,8533
1176,11760,8347
1177,11770,7778
1178,11780,7609
1179,11790,7705
1180,11800,8016
1181,11810,7250
1182,11820,8424
1183,11830,8197
1184,11840,7362
1185,11850,7826
1186,11860,7902
1187,11870,7279
1188,11880,7877
1189,11890,7139
1190,11900,5433
1191,11910,6723
1192,11920,8051
1193,11930,8255
1194,11940,7273
1195,11950,7830
1196,11960,8206
1197,11970,7956
1198,11980,8447
1199,11990,8531
1200,12000,8470
1201,12010,7326
1202,12020,6981
1203,12030,7584
1204,12040,7831
1205,12050,7597
1206,12060,7879
1207,12070,6943
1208,12080,7773
1209,12090,7962
1210,12100,8009
1211,12110,7467
1212,12120,6783
1213,12130,7491
1214,12140,4378
1215,12150,6626
1216,12160,6788
1217,12170,7552
1218,12180,7347
1219,12190,7959
1220,12200,7222
1221,12210,7556
1222,12220,7550
1223,12230,7738
1224,12240,6951
1225,12250,7488
1226,12260,7939
1227,12270,7596
1228,12280,5602
1229,12290,6880
1230,12300,5903
1231,12310,3744
1232,12320,3586
1233,12330,2513
1234,12340,1881
1235,12350,5923
1236,12360,7214
1237,12370,8105
1238,12380,1481
1239,12390,6710
1240,12400,7587
1241,12410,5704
1242,12420,7919
1243,12430,7529
1244,12440,7795
1245,12450,7162
1246,12460,7372
1247,12470,7681
1248,12480,7783
1249,12490,7051
1250,12500,7814
1251,12510,7718
1252,12520,8193
1253,12530,8292
1254,12540,7820
1255,12550,6357
1256,12560,3026
1257,12570,5832
1258,12580,6770
1259,12590,7478
1260,12600,8002
1261,12610,7684
1262,12620,8377
1263,12630,8369
1264,12640,6944
1265,12650,7674
1266,12660,7193
1267,12670,7228
1268,12680,7686
1269,12690,8944
1270,12700,8613
1271,12710,7348
1272,12720,7822
1273,12730,7610
1274,12740,7283
1275,12750,6107
1276,12760,7817
1277,12770,8198
1278,12780,7916
1279,12790,6872
1280,12800,7597
1281,12810,7107
1282,12820,3838
1283,12830,7592
1284,12840,7497
1285,12850,7846
1286,12860,8138
1287,12870,7981
1288,12880,8181
1289,12890,8157
1290,12900,7939
1291,12910,7612
1292,12920,7852
1293,12930,8413
1294,12940,7751
1295,12950,7488
1296,12960,7703
1297,12970,7218
1298,12980,7725
1299,12990,8079
1300,13000,7097
1301,13010,7630
1302,13020,6900
1303,13030,7752
1304,13040,7777
1305,13050,7964
1306,13060,7091
1307,13070,7483
1308,13080,4781
1309,13090,7467
1310,13100,7597
1311,13110,7333
1312,13120,8359
1313,13130,8162
1314,13140,7849
1315,13150,7810
1316,13160,7201
1317,13170,7529
1318,13180,7287
1319,13190,7350
1320,13200,7839
1321,13210,5972
1322,13220,6966
1323,13230,8039
1324,13240,7569
1325,13250,7880
1326,13260,7797
1327,13270,6850
1328,13280,7710
1329,13290,7251
1330,13300,7439
1331,13310,6985
1332,13320,7635
1333,13330,6723
1334,13340,7396
1335,13350,8246
1336,13360,7819
1337,13370,7998
1338,13380,7757
1339,13390,7823
1340,13400,3109
1341,13410,7564
1342,13420,6926
1343,13430,7155
1344,13440,7354
1345,13450,8113
1346,13460,7978
1347,13470,8204
1348,13480,7516
1349,13490,7376
1350,13500,7888
1351,13510,8161
1352,13520,7603
1353,13530,7518
1354,13540,7260
1355,13550,7531
1356,13560,7256
1357,13570,7968
1358,13580,8464
1359,13590,7822
1360,13600,7965
1361,13610,8405
1362,13620,8141
1363,13630,7421
1364,13640,7273
1365,13650,7720
1366,13660,7643
1367,13670,7338
1368,13680,8094
1369,13690,7555
1370,13700,3157
1371,13710,6539
1372,13720,7452
1373,13730,5681
1374,13740,1762
1375,13750,5373
1376,13760,6601
1377,13770,7526
1378,13780,6933
1379,13790,7010
1380,13800,8182
1381,13810,8030
1382,13820,7560
1383,13830,7592
1384,13840,7667
1385,13850,7107
1386,13860,7484
1387,13870,7162
1388,13880,7010
1389,13890,6391
1390,13900,7703
1391,13910,6303
1392,13920,7422
1393,13930,8181
1394,13940,7897
1395,13950,7712
1396,13960,4687
1397,13970,7721
1398,13980,6861
1399,13990,7534
1400,14000,7278
1401,14010,6770
1402,14020,7544
1403,14030,2615
1404,14040,6646
1405,14050,6943
1406,14060,7444
1407,14070,8275
1408,14080,7026
1409,14090,7373
1410,14100,7344
1411,14110,7332
1412,14120,7770
1413,14130,7714
1414,14140,7649
1415,14150,6901
1416,14160,6024
1417,14170,7247
1418,14180,7241
1419,14190,6749
1420,14200,6297
1421,14210,7291
1422,14220,7406
1423,14230,7676
1424,14240,7426
1425,14250,7850
1426,14260,7838
1427,14270,7628
1428,14280,8099
1429,14290,7682
1430,14300,7505
1431,14310,7829
1432,14320,7401
1433,14330,7500
1434,14340,1466
1435,14350,4889
1436,14360,4733
1437,14370,5873
1438,14380,5420
1439,14390,7600
1440,14400,6730
1441,14410,6287
1442,14420,2160
1443,14430,5738
1444,14440,1685
1445,14450,5817
1446,14460,7277
1447,14470,8063
1448,14480,8226
1449,14490,8276
1450,14500,7694
1451,14510,7348
1452,14520,7374
1453,14530,8148
1454,14540,7154
1455,14550,7627
1456,14560,7539
1457,14570,6814
1458,14580,7020
1459,14590,7888
1460,14600,8571
1461,14610,7776
1462,14620,7316
1463,14630,6877
1464,14640,6874
1465,14650,6473
1466,14660,7538
1467,14670,7272
1468,14680,3227
1469,14690,7173
1470,14700,7057
1471,14710,7178
1472,14720,6542
1473,14730,2796
1474,14740,4423
1475,14750,3553
1476,14760,6552
1477,14770,5911
1478,14780,6374
1479,14790,4359
1480,14800,5304
1481,14810,5081
1482,14820,3252
1483,14830,4800
1484,14840,3047
1485,14850,4225
1486,14860,4233
1487,14870,6861
1488,14880,7611
1489,14890,8275
1490,14900,7223
1491,14910,7130
1492,14920,7809
1493,14930,8089
1494,14940,8202
1495,14950,7439
1496,14960,7568
1497,14970,7892
1498,14980,7636
1499,14990,6649
1500,15000,6998
1501,15010,6827
1502,15020,7695
1503,15030,8775
1504,15040,7792
1505,15050,8271
1506,15060,8088
1507,15070,7257
1508,15080,6938
1509,15090,7521
1510,15100,6639
1511,15110,7709
1512,15120,8043
1513,15130,7603
1514,15140,7743
1515,15150,7653
1516,15160,8016
1517,15170,8202
1518,15180,8289
1519,15190,7849
1520,15200,8087
1521,15210,7921
1522,15220,7935
1523,15230,8383
1524,15240,7796
1525,15250,7504
1526,15260,7345
1527,15270,7134
1528,15280,7743
1529,15290,8557
1530,15300,7912
1531,15310,6482
1532,15320,7544
1533,15330,6704
1534,15340,6997
1535,15350,7587
1536,15360,8387
1537,15370,8134
1538,15380,6931
1539,15390,6755
1540,15400,7782
1541,15410,7750
1542,15420,8284
1543,15430,7502
1544,15440,7906
1545,15450,8065
1546,15460,8120
1547,15470,7575
1548,15480,7808
1549,15490,7839
1550,15500,2216
1551,15510,4212
1552,15520,6934
1553,15530,7695
1554,15540,8135
1555,15550,1672
1556,15560,6299
1557,15570,3618
1558,15580,3985
1559,15590,3025
1560,15600,2889
1561,15610,3197
1562,15620,2540
1563,15630,2153
1564,15640,2207
1565,15650,2812
1566,15660,2902
1567,15670,2082
1568,15680,4989
1569,15690,3073
1570,15700,3188
1571,15710,2169
1572,15720,2157
1573,15730,3270
1574,15740,2178
1575,15750,2133
1576,15760,2173
1577,15770,2190
1578,15780,2189
1579,15790,2149
1580,15800,2197
1581,15810,2242
1582,15820,2538
1583,15830,2226
1584,15840,3141
1585,15850,1684
1586,15860,2141
1587,15870,2378
1588,15880,3222
1589,15890,1973
1590,15900,2315
1591,15910,2125
1592,15920,2177
1593,15930,2273
1594,15940,2118
1595,15950,2263
1596,15960,2245
1597,15970,3159
1598,15980,1793
1599,15990,2379
1600,16000,3246
1601,16010,2152
1602,16020,2165
1603,16030,2281
1604,16040,2672
1605,16050,2131
1606,16060,2291
1607,16070,2132
1608,16080,2277
1609,16090,2171
1610,16100,2160
1611,16110,2134
1612,16120,2167
1613,16130,2224
1614,16140,2191
1615,16150,2267
1616,16160,2373
1617,16170,2259
1618,16180,2135
1619,16190,2284
1620,16200,4917
1621,16210,7194
1622,16220,7603
1623,16230,7299
1624,16240,7770
1625,16250,8557
1626,16260,8506
1627,16270,8163
1628,16280,8376
1629,16290,8301
1630,16300,1729
1631,16310,7637
1632,16320,7518
1633,16330,8184
1634,16340,7490
1635,16350,7848
1636,16360,8229
1637,16370,8607
1638,16380,7858
1639,16390,7734
1640,16400,8237
1641,16410,8113
1642,16420,7445
1643,16430,7643
1644,16440,8118
1645,16450,7660
1646,16460,8059
1647,16470,2618
1648,16480,7080
1649,16490,7710
1650,16500,7897
1651,16510,7159
1652,16520,7503
1653,16530,7850
1654,16540,8049
1655,16550,8233
1656,16560,8375
1657,16570,8239
1658,16580,8473
1659,16590,7796
1660,16600,7860
1661,16610,8285
1662,16620,7885
1663,16630,1705
1664,16640,7036
1665,16650,7721
1666,16660,7956
1667,16670,8116
1668,16680,7701
1669,16690,7414
1670,16700,8031
1671,16710,8063
1672,16720,7958
1673,16730,7933
1674,16740,1485
1675,16750,6553
1676,16760,7650
1677,16770,8272
1678,16780,8025
1679,16790,7977
1680,16800,7730
1681,16810,7742
1682,16820,7907
1683,16830,8264
1684,16840,7674
1685,16850,8183
1686,16860,7895
1687,16870,8361
1688,16880,7870
1689,16890,7286
1690,16900,2151
1691,16910,6834
1692,16920,7145
1693,16930,7895
1694,16940,8436
1695,16950,8110
1696,16960,7996
1697,16970,8097
1698,16980,8392
1699,16990,8516
1700,17000,8312
1701,17010,8062
1702,17020,7824
1703,17030,8068
1704,17040,8176
1705,17050,7084
1706,17060,7658
1707,17070,7985
1708,17080,8264
1709,17090,7508
1710,17100,7386
1711,17110,7212
1712,17120,7928
1713,17130,7505
1714,17140,7392
1715,17150,7728
1716,17160,7609
1717,17170,7437
1718,17180,8168
1719,17190,8314
1720,17200,8315
1721,17210,8527
1722,17220,8107
1723,17230,7104
1724,17240,7110
1725,17250,7897
1726,17260,6976
1727,17270,7610
1728,17280,2165
1729,17290,5138
1730,17300,5856
1731,17310,7186
1732,17320,7281
1733,17330,8022
1734,17340,7867
1735,17350,7744
1736,17360,7455
1737,17370,8294
1738,17380,8428
1739,17390,7808
1740,17400,8146
1741,17410,8011
1742,17420,7744
1743,17430,7933
1744,17440,7857
1745,17450,7567
1746,17460,7568
1747,17470,7872
1748,17480,7942
1749,17490,7412
1750,17500,7371
1751,17510,7873
1752,17520,8438
1753,17530,7922
1754,17540,7723
1755,17550,7083
1756,17560,8084
1757,17570,7820
1758,17580,8172
1759,17590,8178
1760,17600,7323
1761,17610,7337
1762,17620,7377
1763,17630,7492
1764,17640,7796
1765,17650,7493
1766,17660,7744
1767,17670,7540
1768,17680,8038
1769,17690,7476
1770,17700,8160
1771,17710,1698
1772,17720,4601
1773,17730,7647
1774,17740,7333
1775,17750,7136
1776,17760,7475
1777,17770,7559
1778,17780,6695
1779,17790,7071
1780,17800,7937
1781,17810,7708
1782,17820,6867
1783,17830,8302
1784,17840,8236
1785,17850,7978
1786,17860,8024
1787,17870,7931
1788,17880,7798
1789,17890,7601
1790,17900,7769
1791,17910,8318
1792,17920,8315
1793,17930,7926
1794,17940,7788
1795,17950,7948
1796,17960,7269
1797,17970,7697
1798,17980,7726
1799,17990,6704
1800,18000,7744
1801,18010,7138
1802,18020,7524
1803,18030,8000
1804,18040,7844
1805,18050,7991
1806,18060,7999
1807,18070,7967
1808,18080,5864
1809,18090,6627
1810,18100,7915
1811,18110,8134
1812,18120,8001
1813,18130,6890
1814,18140,7797
1815,18150,7080
1816,18160,7560
1817,18170,7109
1818,18180,7407
1819,18190,7645
1820,18200,7315
1821,18210,7849
1822,18220,7500
1823,18230,7461
1824,18240,7837
1825,18250,7779
1826,18260,7129
1827,18270,7783
1828,18280,8022
1829,18290,8076
1830,18300,7912
1831,18310,7543
1832,18320,7852
1833,18330,7722
1834,18340,7796
1835,18350,7772
1836,18360,7517
1837,18370,8209
1838,18380,8195
1839,18390,7224
1840,18400,7431
1841,18410,7486
1842,18420,8524
1843,18430,7876
1844,18440,7662
1845,18450,8013
1846,18460,7760
1847,18470,8026
1848,18480,2376
1849,18490,6891
1850,18500,7299
1851,18510,8160
1852,18520,7646
1853,18530,8168
1854,18540,7886
1855,18550,7723
1856,18560,8437
1857,18570,8151
1858,18580,7348
1859,18590,7097
1860,18600,6942
1861,18610,7375
1862,18620,7547
1863,18630,8065
1864,18640,7896
1865,18650,8004
1866,18660,8496
1867,18670,8045
1868,18680,7580
1869,18690,7837
1870,18700,7631
1871,18710,7825
1872,18720,7406
1873,18730,7400
1874,18740,7522
1875,18750,8267
1876,18760,7921
1877,18770,7934
1878,18780,7802
1879,18790,7386
1880,18800,7917
1881,18810,7090
1882,18820,7916
1883,18830,8238
1884,18840,8105
1885,18850,8434
1886,18860,6698
1887,18870,7052
1888,18880,7605
1889,18890,8083
1890,18900,2400
1891,18910,5794
1892,18920,7242
1893,18930,7999
1894,18940,7950
1895,18950,8106
1896,18960,7926
1897,18970,7818
1898,18980,7610
1899,18990,7189
1900,19000,7900
1901,19010,7941
1902,19020,8180
1903,19030,8118
1904,19040,7482
1905,19050,7516
1906,19060,8056
1907,19070,8376
1908,19080,6732
1909,19090,7456
1910,19100,7806
1911,19110,7911
1912,19120,7947
1913,19130,7204
1914,19140,7345
1915,19150,7849
1916,19160,8245
1917,19170,7959
1918,19180,7003
1919,19190,7783
1920,19200,7656
1921,19210,7435
1922,19220,7522
1923,19230,7450
1924,19240,7535
1925,19250,7607
1926,19260,6680
1927,19270,7441
1928,19280,8386
1929,19290,8044
1930,19300,4530
1931,19310,7087
1932,19320,7451
1933,19330,7352
1934,19340,7422
1935,19350,7768
1936,19360,7378
1937,19370,6653
1938,19380,7393
1939,19390,8398
1940,19400,8026
1941,19410,8155
1942,19420,8442
1943,19430,8023
1944,19440,7346
1945,19450,7578
1946,19460,8111
1947,19470,7942
1948,19480,8233
1949,19490,8196
1950,19500,8405
1951,19510,7753
1952,19520,7422
1953,19530,8286
1954,19540,7023
1955,19550,7062
1956,19560,7885
1957,19570,7162
1958,19580,7892
1959,19590,8656
1960,19600,8237
1961,19610,8398
1962,19620,7771
1963,19630,7873
1964,19640,7433
1965,19650,7122
1966,19660,7461
1967,19670,7924
1968,19680,4184
1969,19690,2014
1970,19700,6612
1971,19710,6670
1972,19720,7772
1973,19730,5489
1974,19740,7391
1975,19750,7318
1976,19760,7948
1977,19770,1490
1978,19780,6026
1979,19790,6703
1980,19800,7199
1981,19810,8196
1982,19820,7270
1983,19830,7616
1984,19840,7693
1985,19850,7876
1986,19860,7564
1987,19870,7449
1988,19880,7577
1989,19890,8082
1990,19900,8618
1991,19910,8223
1992,19920,8250
1993,19930,7791
1994,19940,8334
1995,19950,8228
1996,19960,8071
1997,19970,7815
1998,19980,8837
1999,19990,8634
2000,20000,7580
2001,20010,7858
2002,20020,8103
2003,20030,7615
2004,20040,7498
2005,20050,7486
2006,20060,7447
2007,20070,7606
2008,20080,7551
2009,20090,7723
2010,20100,7802
2011,20110,6508
2012,20120,7197
2013,20130,7366
2014,20140,1537
2015,20150,6655
2016,20160,7415
2017,20170,8145
2018,20180,7552
2019,20190,8116
2020,20200,7879
2021,20210,7725
2022,20220,7030
2023,20230,7454
2024,20240,7707
2025,20250,7688
2026,20260,3981
2027,20270,4716
2028,20280,6315
2029,20290,6857
2030,20300,4299
2031,20310,3596
2032,20320,3653
2033,20330,5346
2034,20340,7243
2035,20350,7042
2036,20360,6258
2037,20370,2345
2038,20380,3459
2039,20390,3696
2040,20400,5679
2041,20410,5606
2042,20420,5132
2043,20430,6388
2044,20440,4806
2045,20450,3490
2046,20460,7065
2047,20470,5909
2048,20480,2467
2049,20490,5555
2050,20500,3235
2051,20510,2388
2052,20520,4778
2053,20530,3331
2054,20540,3230
2055,20550,3610
2056,20560,2373
2057,20570,2950
2058,20580,3106
2059,20590,3489
2060,20600,3441
2061,20610,3078
2062,20620,2271
2063,20630,3304
2064,20640,1897
2065,20650,6784
2066,20660,7746
2067,20670,3344
2068,20680,4788
2069,20690,3205
2070,20700,2682
2071,20710,3135
2072,20720,5806
2073,20730,7513
2074,20740,7848
2075,20750,8205
2076,20760,7794
2077,20770,7764
2078,20780,7505
2079,20790,7507
2080,20800,8422
2081,20810,8314
2082,20820,3237
2083,20830,1889
2084,20840,7212
2085,20850,7616
2086,20860,7877
2087,20870,8037
2088,20880,6082
2089,20890,2042
2090,20900,6648
2091,20910,7604
2092,20920,7583
2093,20930,7555
2094,20940,8167
2095,20950,7932
2096,20960,7566
2097,20970,7729
2098,20980,7606
2099,20990,8023
2100,21000,7121
2101,21010,2070
2102,21020,3416
2103,21030,3279
2104,21040,5724
2105,21050,4801
2106,21060,6896
2107,21070,2990
2108,21080,6618
2109,21090,6117
2110,21100,7470
2111,21110,7278
2112,21120,7158
2113,21130,7926
2114,21140,3080
2115,21150,3608
2116,21160,6438
2117,21170,5200
2118,21180,2835
2119,21190,6323
2120,21200,7511
2121,21210,8118
2122,21220,5473
2123,21230,6474
2124,21240,7555
2125,21250,2958
2126,21260,2337
2127,21270,5234
2128,21280,7362
2129,21290,8262
2130,21300,7972
2131,21310,8481
2132,21320,7843
2133,21330,7405
2134,21340,6689
2135,21350,1734
2136,21360,6874
2137,21370,7799
2138,21380,1523
2139,21390,2175
2140,21400,3570
2141,21410,3525
2142,21420,4362
2143,21430,5095
2144,21440,4444
2145,21450,3664
2146,21460,6444
2147,21470,7418
2148,21480,8273
2149,21490,7645
2150,21500,6031
2151,21510,7328
