sno,Unnamed: 0,wait
0,0,7060
1,10,7060
2,20,7060
3,30,7060
4,40,7060
5,50,7060
6,60,7060
7,70,7060
8,80,7060
9,90,7060
10,100,7060
11,110,7060
12,120,7060
13,130,7060
14,140,7060
15,150,7060
16,160,7060
17,170,7060
18,180,7060
19,190,7060
20,200,7060
21,210,7060
22,220,7060
23,230,7060
24,240,7060
25,250,7060
26,260,7060
27,270,7060
28,280,7060
29,290,7060
30,300,7060
31,310,7060
32,320,7060
33,330,7060
34,340,7060
35,350,7060
36,360,7060
37,370,7060
38,380,7060
39,390,7060
40,400,7060
41,410,7060
42,420,7060
43,430,7060
44,440,7060
45,450,7060
46,460,7060
47,470,7060
48,480,7060
49,490,7060
50,500,7060
51,510,7060
52,520,7060
53,530,7060
54,540,7060
55,550,7060
56,560,7060
57,570,7060
58,580,7060
59,590,7060
60,600,7060
61,610,7060
62,620,7060
63,630,7060
64,640,7060
65,650,7060
66,660,7060
67,670,7060
68,680,7060
69,690,7060
70,700,7060
71,710,7060
72,720,7060
73,730,7060
74,740,7060
75,750,7060
76,760,7060
77,770,7060
78,780,7060
79,790,7060
80,800,7060
81,810,7060
82,820,7060
83,830,7060
84,840,7060
85,850,7060
86,860,7060
87,870,7060
88,880,7060
89,890,7060
90,900,7060
91,910,7060
92,920,7060
93,930,7060
94,940,7060
95,950,7060
96,960,7060
97,970,7060
98,980,7060
99,990,7060
100,1000,7060
101,1010,7060
102,1020,7060
103,1030,7060
104,1040,7060
105,1050,7060
106,1060,7060
107,1070,7060
108,1080,7060
109,1090,7060
110,1100,7060
111,1110,7060
112,1120,7060
113,1130,7060
114,1140,7060
115,1150,7060
116,1160,7060
117,1170,7060
118,1180,7060
119,1190,7060
120,1200,7060
121,1210,7060
122,1220,7060
123,1230,7060
124,1240,7060
125,1250,7060
126,1260,7060
127,1270,7060
128,1280,7060
129,1290,7060
130,1300,7060
131,1310,7060
132,1320,7060
133,1330,7060
134,1340,7060
135,1350,7060
136,1360,7060
137,1370,7060
138,1380,7060
139,1390,7060
140,1400,7060
141,1410,7060
142,1420,7060
143,1430,7060
144,1440,7060
145,1450,7060
146,1460,7060
147,1470,7060
148,1480,7060
149,1490,7060
150,1500,7060
151,1510,7060
152,1520,7060
153,1530,7060
154,1540,7060
155,1550,7060
156,1560,7060
157,1570,7060
158,1580,7060
159,1590,7060
160,1600,7060
161,1610,7060
162,1620,7060
163,1630,7060
164,1640,7060
165,1650,7060
166,1660,7060
167,1670,7060
168,1680,7060
169,1690,7060
170,1700,7060
171,1710,7060
172,1720,7060
173,1730,7060
174,1740,7060
175,1750,7060
176,1760,7060
177,1770,7060
178,1780,7060
179,1790,7060
180,1800,7060
181,1810,7060
182,1820,7060
183,1830,7060
184,1840,7060
185,1850,7060
186,1860,7060
187,1870,7060
188,1880,7060
189,1890,7060
190,1900,7060
191,1910,7060
192,1920,7060
193,1930,7060
194,1940,7060
195,1950,7060
196,1960,7060
197,1970,7060
198,1980,7060
199,1990,7060
200,2000,7060
201,2010,7060
202,2020,7060
203,2030,7060
204,2040,7060
205,2050,7060
206,2060,7060
207,2070,7060
208,2080,7060
209,2090,7060
210,2100,7060
211,2110,7060
212,2120,7060
213,2130,7060
214,2140,7060
215,2150,7060
216,2160,7060
217,2170,7060
218,2180,7060
219,2190,7060
220,2200,7060
221,2210,7060
222,2220,7060
223,2230,7060
224,2240,7060
225,2250,7060
226,2260,7060
227,2270,7060
228,2280,7060
229,2290,7060
230,2300,7060
231,2310,7060
232,2320,7060
233,2330,7060
234,2340,7060
235,2350,7060
236,2360,7060
237,2370,7060
238,2380,7060
239,2390,7060
240,2400,7060
241,2410,7060
242,2420,7060
243,2430,7060
244,2440,7060
245,2450,7060
246,2460,7060
247,2470,7060
248,2480,7060
249,2490,7060
250,2500,7060
251,2510,7060
252,2520,7060
253,2530,7060
254,2540,7060
255,2550,7060
256,2560,7060
257,2570,7060
258,2580,7060
259,2590,7060
260,2600,7060
261,2610,7060
262,2620,7060
263,2630,7060
264,2640,7060
265,2650,7060
266,2660,7060
267,2670,7060
268,2680,7060
269,2690,7060
270,2700,7060
271,2710,7060
272,2720,7060
273,2730,7060
274,2740,7060
275,2750,7060
276,2760,7060
277,2770,7060
278,2780,7060
279,2790,7060
280,2800,7060
281,2810,7060
282,2820,7060
283,2830,7060
284,2840,7060
285,2850,7060
286,2860,7060
287,2870,7060
288,2880,7060
289,2890,7060
290,2900,7060
291,2910,7060
292,2920,7060
293,2930,7060
294,2940,7060
295,2950,7060
296,2960,7060
297,2970,7060
298,2980,7060
299,2990,7060
300,3000,7060
301,3010,7060
302,3020,7060
303,3030,7060
304,3040,7060
305,3050,7060
306,3060,7060
307,3070,7060
308,3080,7060
309,3090,7060
310,3100,7060
311,3110,7060
312,3120,7060
313,3130,7060
314,3140,7060
315,3150,7060
316,3160,7060
317,3170,7060
318,3180,7060
319,3190,7060
320,3200,7060
321,3210,7060
322,3220,7060
323,3230,7060
324,3240,7060
325,3250,7060
326,3260,7060
327,3270,7060
328,3280,7060
329,3290,7060
330,3300,7060
331,3310,7060
332,3320,7060
333,3330,7060
334,3340,7060
335,3350,7060
336,3360,7060
337,3370,7060
338,3380,7060
339,3390,7060
340,3400,7060
341,3410,7060
342,3420,7060
343,3430,7060
344,3440,7060
345,3450,7060
346,3460,7060
347,3470,7060
348,3480,7060
349,3490,7060
350,3500,7060
351,3510,7060
352,3520,7060
353,3530,7060
354,3540,7060
355,3550,7060
356,3560,7060
357,3570,7060
358,3580,7060
359,3590,7060
360,3600,7060
361,3610,7060
362,3620,7060
363,3630,7060
364,3640,7060
365,3650,7060
366,3660,7060
367,3670,7060
368,3680,7060
369,3690,7060
370,3700,7060
371,3710,7060
372,3720,7060
373,3730,7060
374,3740,7060
375,3750,7060
376,3760,7060
377,3770,7060
378,3780,7060
379,3790,7060
380,3800,7060
381,3810,7060
382,3820,7060
383,3830,7060
384,3840,7060
385,3850,7060
386,3860,7060
387,3870,7060
388,3880,7060
389,3890,7060
390,3900,7060
391,3910,7060
392,3920,7060
393,3930,7060
394,3940,7060
395,3950,7060
396,3960,7060
397,3970,7060
398,3980,7060
399,3990,7060
400,4000,7060
401,4010,7060
402,4020,7060
403,4030,7060
404,4040,7060
405,4050,7060
406,4060,7060
407,4070,7060
408,4080,7060
409,4090,7060
410,4100,7060
411,4110,7060
412,4120,7060
413,4130,7060
414,4140,7060
415,4150,7060
416,4160,7060
417,4170,7060
418,4180,7060
419,4190,7060
420,4200,7060
421,4210,7060
422,4220,7060
423,4230,7060
424,4240,7060
425,4250,7060
426,4260,7060
427,4270,7060
428,4280,7060
429,4290,7060
430,4300,7060
431,4310,7060
432,4320,7060
433,4330,7060
434,4340,7060
435,4350,7060
436,4360,7060
437,4370,7060
438,4380,7060
439,4390,7060
440,4400,7060
441,4410,7060
442,4420,7060
443,4430,7060
444,4440,7060
445,4450,7060
446,4460,7060
447,4470,7060
448,4480,7060
449,4490,7060
450,4500,7060
451,4510,7060
452,4520,7060
453,4530,7060
454,4540,7060
455,4550,7060
456,4560,7060
457,4570,7060
458,4580,7060
459,4590,7060
460,4600,7060
461,4610,7060
462,4620,7060
463,4630,7060
464,4640,7060
465,4650,7060
466,4660,7060
467,4670,7060
468,4680,7060
469,4690,7060
470,4700,7060
471,4710,7060
472,4720,7060
473,4730,7060
474,4740,7060
475,4750,7060
476,4760,7060
477,4770,7060
478,4780,7060
479,4790,7060
480,4800,7060
481,4810,7060
482,4820,7060
483,4830,7060
484,4840,7060
485,4850,7060
486,4860,7060
487,4870,7060
488,4880,7060
489,4890,7060
490,4900,7060
491,4910,7060
492,4920,7060
493,4930,7060
494,4940,7060
495,4950,7060
496,4960,7060
497,4970,7060
498,4980,7060
499,4990,7060
500,5000,7060
501,5010,7060
502,5020,7060
503,5030,7060
504,5040,7060
505,5050,7060
506,5060,7060
507,5070,7060
508,5080,7060
509,5090,7060
510,5100,7060
511,5110,7060
512,5120,7060
513,5130,7060
514,5140,7060
515,5150,7060
516,5160,7060
517,5170,7060
518,5180,7060
519,5190,7060
520,5200,7060
521,5210,7060
522,5220,7060
523,5230,7060
524,5240,7060
525,5250,7060
526,5260,7060
527,5270,7060
528,5280,7060
529,5290,7060
530,5300,7060
531,5310,7060
532,5320,7060
533,5330,7060
534,5340,7060
535,5350,7060
536,5360,7060
537,5370,7060
538,5380,7060
539,5390,7060
540,5400,7060
541,5410,7060
542,5420,7060
543,5430,7060
544,5440,7060
545,5450,7060
546,5460,7060
547,5470,7060
548,5480,7060
549,5490,7060
550,5500,7060
551,5510,7060
552,5520,7060
553,5530,7060
554,5540,7060
555,5550,7060
556,5560,7060
557,5570,7060
558,5580,7060
559,5590,7060
560,5600,7060
561,5610,7060
562,5620,7060
563,5630,7060
564,5640,7060
565,5650,7060
566,5660,7060
567,5670,7060
568,5680,7060
569,5690,7060
570,5700,7060
571,5710,7060
572,5720,7060
573,5730,7060
574,5740,7060
575,5750,7060
576,5760,7060
577,5770,7060
578,5780,7060
579,5790,7060
580,5800,7060
581,5810,7060
582,5820,7060
583,5830,7060
584,5840,7060
585,5850,7060
586,5860,7060
587,5870,7060
588,5880,7060
589,5890,7060
590,5900,7060
591,5910,7060
592,5920,7060
593,5930,7060
594,5940,7060
595,5950,7060
596,5960,7060
597,5970,7060
598,5980,7060
599,5990,7060
600,6000,7060
601,6010,7060
602,6020,7060
603,6030,7060
604,6040,7060
605,6050,7060
606,6060,7060
607,6070,7060
608,6080,7060
609,6090,7060
610,6100,7060
611,6110,7060
612,6120,7060
613,6130,7060
614,6140,7060
615,6150,7060
616,6160,7060
617,6170,7060
618,6180,7060
619,6190,7060
620,6200,7060
621,6210,7060
622,6220,7060
623,6230,7060
624,6240,7060
625,6250,7060
626,6260,7060
627,6270,7060
628,6280,7060
629,6290,7060
630,6300,7060
631,6310,7060
632,6320,7060
633,6330,7060
634,6340,7060
635,6350,7060
636,6360,7060
637,6370,7060
638,6380,7060
639,6390,7060
640,6400,7060
641,6410,7060
642,6420,7060
643,6430,7060
644,6440,7060
645,6450,7060
646,6460,7060
647,6470,7060
648,6480,7060
649,6490,7060
650,6500,7060
651,6510,7060
652,6520,7060
653,6530,7060
654,6540,7060
655,6550,7060
656,6560,7060
657,6570,7060
658,6580,7060
659,6590,7060
660,6600,7060
661,6610,7060
662,6620,7060
663,6630,7060
664,6640,7060
665,6650,7060
666,6660,7060
667,6670,7060
668,6680,7060
669,6690,7060
670,6700,7060
671,6710,7060
672,6720,7060
673,6730,7060
674,6740,7060
675,6750,7060
676,6760,7060
677,6770,7060
678,6780,7060
679,6790,7060
680,6800,7060
681,6810,7060
682,6820,7060
683,6830,7060
684,6840,7060
685,6850,7060
686,6860,7060
687,6870,7060
688,6880,7060
689,6890,7060
690,6900,7060
691,6910,7060
692,6920,7060
693,6930,7060
694,6940,7060
695,6950,7060
696,6960,7060
697,6970,7060
698,6980,7060
699,6990,7060
700,7000,7060
701,7010,7060
702,7020,7060
703,7030,7060
704,7040,7060
705,7050,7060
706,7060,7060
707,7070,7060
708,7080,7060
709,7090,7060
710,7100,7060
711,7110,7060
712,7120,7060
713,7130,7060
714,7140,7060
715,7150,7060
716,7160,7060
717,7170,7060
718,7180,7060
719,7190,7060
720,7200,7060
721,7210,7060
722,7220,7060
723,7230,7060
724,7240,7060
725,7250,7060
726,7260,7060
727,7270,7060
728,7280,7060
729,7290,7060
730,7300,7060
731,7310,7060
732,7320,7060
733,7330,7060
734,7340,7060
735,7350,7060
736,7360,7060
737,7370,7060
738,7380,7060
739,7390,7060
740,7400,7060
741,7410,7060
742,7420,7060
743,7430,7060
744,7440,7060
745,7450,7060
746,7460,7060
747,7470,7060
748,7480,7060
749,7490,7060
750,7500,7060
751,7510,7060
752,7520,7060
753,7530,7060
754,7540,7060
755,7550,7060
756,7560,7060
757,7570,7060
758,7580,7060
759,7590,7060
760,7600,7060
761,7610,7060
762,7620,7060
763,7630,7060
764,7640,7060
765,7650,7060
766,7660,7060
767,7670,7060
768,7680,7060
769,7690,7060
770,7700,7060
771,7710,7060
772,7720,7060
773,7730,7060
774,7740,7060
775,7750,7060
776,7760,7060
777,7770,7060
778,7780,7060
779,7790,7060
780,7800,7060
781,7810,7060
782,7820,7060
783,7830,7060
784,7840,7060
785,7850,7060
786,7860,7060
787,7870,7060
788,7880,7060
789,7890,7060
790,7900,7060
791,7910,7060
792,7920,7060
793,7930,7060
794,7940,7060
795,7950,7060
796,7960,7060
797,7970,7060
798,7980,7060
799,7990,7060
800,8000,7060
801,8010,7060
802,8020,7060
803,8030,7060
804,8040,7060
805,8050,7060
806,8060,7060
807,8070,7060
808,8080,7060
809,8090,7060
810,8100,7060
811,8110,7060
812,8120,7060
813,8130,7060
814,8140,7060
815,8150,7060
816,8160,7060
817,8170,7060
818,8180,7060
819,8190,7060
820,8200,7060
821,8210,7060
822,8220,7060
823,8230,7060
824,8240,7060
825,8250,7060
826,8260,7060
827,8270,7060
828,8280,7060
829,8290,7060
830,8300,7060
831,8310,7060
832,8320,7060
833,8330,7060
834,8340,7060
835,8350,7060
836,8360,7060
837,8370,7060
838,8380,7060
839,8390,7060
840,8400,7060
841,8410,7060
842,8420,7060
843,8430,7060
844,8440,7060
845,8450,7060
846,8460,7060
847,8470,7060
848,8480,7060
849,8490,7060
850,8500,7060
851,8510,7060
852,8520,7060
853,8530,7060
854,8540,7060
855,8550,7060
856,8560,7060
857,8570,7060
858,8580,7060
859,8590,7060
860,8600,7060
861,8610,7060
862,8620,7060
863,8630,7060
864,8640,7060
865,8650,7060
866,8660,7060
867,8670,7060
868,8680,7060
869,8690,7060
870,8700,7060
871,8710,7060
872,8720,7060
873,8730,7060
874,8740,7060
875,8750,7060
876,8760,7060
877,8770,7060
878,8780,7060
879,8790,7060
880,8800,7060
881,8810,7060
882,8820,7060
883,8830,7060
884,8840,7060
885,8850,7060
886,8860,7060
887,8870,7060
888,8880,7060
889,8890,7060
890,8900,7060
891,8910,7060
892,8920,7060
893,8930,7060
894,8940,7060
895,8950,7060
896,8960,7060
897,8970,7060
898,8980,7060
899,8990,7060
900,9000,7060
901,9010,7060
902,9020,7060
903,9030,7060
904,9040,7060
905,9050,7060
906,9060,7060
907,9070,7060
908,9080,7060
909,9090,7060
910,9100,7060
911,9110,7060
912,9120,7060
913,9130,7060
914,9140,7060
915,9150,7060
916,9160,7060
917,9170,7060
918,9180,7060
919,9190,7060
920,9200,7060
921,9210,7060
922,9220,7060
923,9230,7060
924,9240,7060
925,9250,7060
926,9260,7060
927,9270,7060
928,9280,7060
929,9290,7060
930,9300,7060
931,9310,7060
932,9320,7060
933,9330,7060
934,9340,7060
935,9350,7060
936,9360,7060
937,9370,7060
938,9380,7060
939,9390,7060
940,9400,7060
941,9410,7060
942,9420,7060
943,9430,7060
944,9440,7060
945,9450,7060
946,9460,7060
947,9470,7060
948,9480,7060
949,9490,7060
950,9500,7060
951,9510,7060
952,9520,7060
953,9530,7060
954,9540,7060
955,9550,7060
956,9560,7060
957,9570,7060
958,9580,7060
959,9590,7060
960,9600,7060
961,9610,7060
962,9620,7060
963,9630,7060
964,9640,7060
965,9650,7060
966,9660,7060
967,9670,7060
968,9680,7060
969,9690,7060
970,9700,7060
971,9710,7060
972,9720,7060
973,9730,7060
974,9740,7060
975,9750,7060
976,9760,7060
977,9770,7060
978,9780,7060
979,9790,7060
980,9800,7060
981,9810,7060
982,9820,7060
983,9830,7060
984,9840,7060
985,9850,7060
986,9860,7060
987,9870,7060
988,9880,7060
989,9890,7060
990,9900,7060
991,9910,7060
992,9920,7060
993,9930,7060
994,9940,7060
995,9950,7060
996,9960,7060
997,9970,7060
998,9980,7060
999,9990,7060
1000,10000,7060
1001,10010,7060
1002,10020,7060
1003,10030,7060
1004,10040,7060
1005,10050,7060
1006,10060,7060
1007,10070,7060
1008,10080,7060
1009,10090,7060
1010,10100,7060
1011,10110,7060
1012,10120,7060
1013,10130,7060
1014,10140,7060
1015,10150,7060
1016,10160,7060
1017,10170,7060
1018,10180,7060
1019,10190,7060
1020,10200,7060
1021,10210,7060
1022,10220,7060
1023,10230,7060
1024,10240,7060
1025,10250,7060
1026,10260,7060
1027,10270,7060
1028,10280,7060
1029,10290,7060
1030,10300,7060
1031,10310,7060
1032,10320,7060
1033,10330,7060
1034,10340,7060
1035,10350,7060
1036,10360,7060
1037,10370,7060
1038,10380,7060
1039,10390,7060
1040,10400,7060
1041,10410,7060
1042,10420,7060
1043,10430,7060
1044,10440,7060
1045,10450,7060
1046,10460,7060
1047,10470,7060
1048,10480,7060
1049,10490,7060
1050,10500,7060
1051,10510,7060
1052,10520,7060
1053,10530,7060
1054,10540,7060
1055,10550,7060
1056,10560,7060
1057,10570,7060
1058,10580,7060
1059,10590,7060
1060,10600,7060
1061,10610,7060
1062,10620,7060
1063,10630,7060
1064,10640,7060
1065,10650,7060
1066,10660,7060
1067,10670,7060
1068,10680,7060
1069,10690,7060
1070,10700,7060
1071,10710,7060
1072,10720,7060
1073,10730,7060
1074,10740,7060
1075,10750,7060
1076,10760,7060
1077,10770,7060
1078,10780,7060
1079,10790,7060
1080,10800,7060
1081,10810,7060
1082,10820,7060
1083,10830,7060
1084,10840,7060
1085,10850,7060
1086,10860,7060
1087,10870,7060
1088,10880,7060
1089,10890,7060
1090,10900,7060
1091,10910,7060
1092,10920,7060
1093,10930,7060
1094,10940,7060
1095,10950,7060
1096,10960,7060
1097,10970,7060
1098,10980,7060
1099,10990,7060
1100,11000,7060
1101,11010,7060
1102,11020,7060
1103,11030,7060
1104,11040,7060
1105,11050,7060
1106,11060,7060
1107,11070,7060
1108,11080,7060
1109,11090,7060
1110,11100,7060
1111,11110,7060
1112,11120,7060
1113,11130,7060
1114,11140,7060
1115,11150,7060
1116,11160,7060
1117,11170,7060
1118,11180,7060
1119,11190,7060
1120,11200,7060
1121,11210,7060
1122,11220,7060
1123,11230,7060
1124,11240,7060
1125,11250,7060
1126,11260,7060
1127,11270,7060
1128,11280,7060
1129,11290,7060
1130,11300,7060
1131,11310,7060
1132,11320,7060
1133,11330,7060
1134,11340,7060
1135,11350,7060
1136,11360,7060
1137,11370,7060
1138,11380,7060
1139,11390,7060
1140,11400,7060
1141,11410,7060
1142,11420,7060
1143,11430,7060
1144,11440,7060
1145,11450,7060
1146,11460,7060
1147,11470,7060
1148,11480,7060
1149,11490,7060
1150,11500,7060
1151,11510,7060
1152,11520,7060
1153,11530,7060
1154,11540,7060
1155,11550,7060
1156,11560,7060
1157,11570,7060
1158,11580,7060
1159,11590,7060
1160,11600,7060
1161,11610,7060
1162,11620,7060
1163,11630,7060
1164,11640,7060
1165,11650,7060
1166,11660,7060
1167,11670,7060
1168,11680,7060
1169,11690,7060
1170,11700,7060
1171,11710,7060
1172,11720,7060
1173,11730,7060
1174,11740,7060
1175,11750,7060
1176,11760,7060
1177,11770,7060
1178,11780,7060
1179,11790,7060
1180,11800,7060
1181,11810,7060
1182,11820,7060
1183,11830,7060
1184,11840,7060
1185,11850,7060
1186,11860,7060
1187,11870,7060
1188,11880,7060
1189,11890,7060
1190,11900,7060
1191,11910,7060
1192,11920,7060
1193,11930,7060
1194,11940,7060
1195,11950,7060
1196,11960,7060
1197,11970,7060
1198,11980,7060
1199,11990,7060
1200,12000,7060
1201,12010,7060
1202,12020,7060
1203,12030,7060
1204,12040,7060
1205,12050,7060
1206,12060,7060
1207,12070,7060
1208,12080,7060
1209,12090,7060
1210,12100,7060
1211,12110,7060
1212,12120,7060
1213,12130,7060
1214,12140,7060
1215,12150,7060
1216,12160,7060
1217,12170,7060
1218,12180,7060
1219,12190,7060
1220,12200,7060
1221,12210,7060
1222,12220,7060
1223,12230,7060
1224,12240,7060
1225,12250,7060
1226,12260,7060
1227,12270,7060
1228,12280,7060
1229,12290,7060
1230,12300,7060
1231,12310,7060
1232,12320,7060
1233,12330,7060
1234,12340,7060
1235,12350,7060
1236,12360,7060
1237,12370,7060
1238,12380,7060
1239,12390,7060
1240,12400,7060
1241,12410,7060
1242,12420,7060
1243,12430,7060
1244,12440,7060
1245,12450,7060
1246,12460,7060
1247,12470,7060
1248,12480,7060
1249,12490,7060
1250,12500,7060
1251,12510,7060
1252,12520,7060
1253,12530,7060
1254,12540,7060
1255,12550,7060
1256,12560,7060
1257,12570,7060
1258,12580,7060
1259,12590,7060
1260,12600,7060
1261,12610,7060
1262,12620,7060
1263,12630,7060
1264,12640,7060
1265,12650,7060
1266,12660,7060
1267,12670,7060
1268,12680,7060
1269,12690,7060
1270,12700,7060
1271,12710,7060
1272,12720,7060
1273,12730,7060
1274,12740,7060
1275,12750,7060
1276,12760,7060
1277,12770,7060
1278,12780,7060
1279,12790,7060
1280,12800,7060
1281,12810,7060
1282,12820,7060
1283,12830,7060
1284,12840,7060
1285,12850,7060
1286,12860,7060
1287,12870,7060
1288,12880,7060
1289,12890,7060
1290,12900,7060
1291,12910,7060
1292,12920,7060
1293,12930,7060
1294,12940,7060
1295,12950,7060
1296,12960,7060
1297,12970,7060
1298,12980,7060
1299,12990,7060
1300,13000,7060
1301,13010,7060
1302,13020,7060
1303,13030,7060
1304,13040,7060
1305,13050,7060
1306,13060,7060
1307,13070,7060
1308,13080,7060
1309,13090,7060
1310,13100,7060
1311,13110,7060
1312,13120,7060
1313,13130,7060
1314,13140,7060
1315,13150,7060
1316,13160,7060
1317,13170,7060
1318,13180,7060
1319,13190,7060
1320,13200,7060
1321,13210,7060
1322,13220,7060
1323,13230,7060
1324,13240,7060
1325,13250,7060
1326,13260,7060
1327,13270,7060
1328,13280,7060
1329,13290,7060
1330,13300,7060
1331,13310,7060
1332,13320,7060
1333,13330,7060
1334,13340,7060
1335,13350,7060
1336,13360,7060
1337,13370,7060
1338,13380,7060
1339,13390,7060
1340,13400,7060
1341,13410,7060
1342,13420,7060
1343,13430,7060
1344,13440,7060
1345,13450,7060
1346,13460,7060
1347,13470,7060
1348,13480,7060
1349,13490,7060
1350,13500,7060
1351,13510,7060
1352,13520,7060
1353,13530,7060
1354,13540,7060
1355,13550,7060
1356,13560,7060
1357,13570,7060
1358,13580,7060
1359,13590,7060
1360,13600,7060
1361,13610,7060
1362,13620,7060
1363,13630,7060
1364,13640,7060
1365,13650,7060
1366,13660,7060
1367,13670,7060
1368,13680,7060
1369,13690,7060
1370,13700,7060
1371,13710,7060
1372,13720,7060
1373,13730,7060
1374,13740,7060
1375,13750,7060
1376,13760,7060
1377,13770,7060
1378,13780,7060
1379,13790,7060
1380,13800,7060
1381,13810,7060
1382,13820,7060
1383,13830,7060
1384,13840,7060
1385,13850,7060
1386,13860,7060
1387,13870,7060
1388,13880,7060
1389,13890,7060
1390,13900,7060
1391,13910,7060
1392,13920,7060
1393,13930,7060
1394,13940,7060
1395,13950,7060
1396,13960,7060
1397,13970,7060
1398,13980,7060
1399,13990,7060
1400,14000,7060
1401,14010,7060
1402,14020,7060
1403,14030,7060
1404,14040,7060
1405,14050,7060
1406,14060,7060
1407,14070,7060
1408,14080,7060
1409,14090,7060
1410,14100,7060
1411,14110,7060
1412,14120,7060
1413,14130,7060
1414,14140,7060
1415,14150,7060
1416,14160,7060
1417,14170,7060
1418,14180,7060
1419,14190,7060
1420,14200,7060
1421,14210,7060
1422,14220,7060
1423,14230,7060
1424,14240,7060
1425,14250,7060
1426,14260,7060
1427,14270,7060
1428,14280,7060
1429,14290,7060
1430,14300,7060
1431,14310,7060
1432,14320,7060
1433,14330,7060
1434,14340,7060
1435,14350,7060
1436,14360,7060
1437,14370,7060
1438,14380,7060
1439,14390,7060
1440,14400,7060
1441,14410,7060
1442,14420,7060
1443,14430,7060
1444,14440,7060
1445,14450,7060
1446,14460,7060
1447,14470,7060
1448,14480,7060
1449,14490,7060
1450,14500,7060
1451,14510,7060
1452,14520,7060
1453,14530,7060
1454,14540,7060
1455,14550,7060
1456,14560,7060
1457,14570,7060
1458,14580,7060
1459,14590,7060
1460,14600,7060
1461,14610,7060
1462,14620,7060
1463,14630,7060
1464,14640,7060
1465,14650,7060
1466,14660,7060
1467,14670,7060
1468,14680,7060
1469,14690,7060
1470,14700,7060
1471,14710,7060
1472,14720,7060
1473,14730,7060
1474,14740,7060
1475,14750,7060
1476,14760,7060
1477,14770,7060
1478,14780,7060
1479,14790,7060
1480,14800,7060
1481,14810,7060
1482,14820,7060
1483,14830,7060
1484,14840,7060
1485,14850,7060
1486,14860,7060
1487,14870,7060
1488,14880,7060
1489,14890,7060
1490,14900,7060
1491,14910,7060
1492,14920,7060
1493,14930,7060
1494,14940,7060
1495,14950,7060
1496,14960,7060
1497,14970,7060
1498,14980,7060
1499,14990,7060
1500,15000,7060
1501,15010,7060
1502,15020,7060
1503,15030,7060
1504,15040,7060
1505,15050,7060
1506,15060,7060
1507,15070,7060
1508,15080,7060
1509,15090,7060
1510,15100,7060
1511,15110,7060
1512,15120,7060
1513,15130,7060
1514,15140,7060
1515,15150,7060
1516,15160,7060
1517,15170,7060
1518,15180,7060
1519,15190,7060
1520,15200,7060
1521,15210,7060
1522,15220,7060
1523,15230,7060
1524,15240,7060
1525,15250,7060
1526,15260,7060
1527,15270,7060
1528,15280,7060
1529,15290,7060
1530,15300,7060
1531,15310,7060
1532,15320,7060
1533,15330,7060
1534,15340,7060
1535,15350,7060
1536,15360,7060
1537,15370,7060
1538,15380,7060
1539,15390,7060
1540,15400,7060
1541,15410,7060
1542,15420,7060
1543,15430,7060
1544,15440,7060
1545,15450,7060
1546,15460,7060
1547,15470,7060
1548,15480,7060
1549,15490,7060
1550,15500,7060
1551,15510,7060
1552,15520,7060
1553,15530,7060
1554,15540,7060
1555,15550,7060
1556,15560,7060
1557,15570,7060
1558,15580,7060
1559,15590,7060
1560,15600,7060
1561,15610,7060
1562,15620,7060
1563,15630,7060
1564,15640,7060
1565,15650,7060
1566,15660,7060
1567,15670,7060
1568,15680,7060
1569,15690,7060
1570,15700,7060
1571,15710,7060
1572,15720,7060
1573,15730,7060
1574,15740,7060
1575,15750,7060
1576,15760,7060
1577,15770,7060
1578,15780,7060
1579,15790,7060
1580,15800,7060
1581,15810,7060
1582,15820,7060
1583,15830,7060
1584,15840,7060
1585,15850,7060
1586,15860,7060
1587,15870,7060
1588,15880,7060
1589,15890,7060
1590,15900,7060
1591,15910,7060
1592,15920,7060
1593,15930,7060
1594,15940,7060
1595,15950,7060
1596,15960,7060
1597,15970,7060
1598,15980,7060
1599,15990,7060
1600,16000,7060
1601,16010,7060
1602,16020,7060
1603,16030,7060
1604,16040,7060
1605,16050,7060
1606,16060,7060
1607,16070,7060
1608,16080,7060
1609,16090,7060
1610,16100,7060
1611,16110,7060
1612,16120,7060
1613,16130,7060
1614,16140,7060
1615,16150,7060
1616,16160,7060
1617,16170,7060
1618,16180,7060
1619,16190,7060
1620,16200,7060
1621,16210,7060
1622,16220,7060
1623,16230,7060
1624,16240,7060
1625,16250,7060
1626,16260,7060
1627,16270,7060
1628,16280,7060
1629,16290,7060
1630,16300,7060
1631,16310,7060
1632,16320,7060
1633,16330,7060
1634,16340,7060
1635,16350,7060
1636,16360,7060
1637,16370,7060
1638,16380,7060
1639,16390,7060
1640,16400,7060
1641,16410,7060
1642,16420,7060
1643,16430,7060
1644,16440,7060
1645,16450,7060
1646,16460,7060
1647,16470,7060
1648,16480,7060
1649,16490,7060
1650,16500,7060
1651,16510,7060
1652,16520,7060
1653,16530,7060
1654,16540,7060
1655,16550,7060
1656,16560,7060
1657,16570,7060
1658,16580,7060
1659,16590,7060
1660,16600,7060
1661,16610,7060
1662,16620,7060
1663,16630,7060
1664,16640,7060
1665,16650,7060
1666,16660,7060
1667,16670,7060
1668,16680,7060
1669,16690,7060
1670,16700,7060
1671,16710,7060
1672,16720,7060
1673,16730,7060
1674,16740,7060
1675,16750,7060
1676,16760,7060
1677,16770,7060
1678,16780,7060
1679,16790,7060
1680,16800,7060
1681,16810,7060
1682,16820,7060
1683,16830,7060
1684,16840,7060
1685,16850,7060
1686,16860,7060
1687,16870,7060
1688,16880,7060
1689,16890,7060
1690,16900,7060
1691,16910,7060
1692,16920,7060
1693,16930,7060
1694,16940,7060
1695,16950,7060
1696,16960,7060
1697,16970,7060
1698,16980,7060
1699,16990,7060
1700,17000,7060
1701,17010,7060
1702,17020,7060
1703,17030,7060
1704,17040,7060
1705,17050,7060
1706,17060,7060
1707,17070,7060
1708,17080,7060
1709,17090,7060
1710,17100,7060
1711,17110,7060
1712,17120,7060
1713,17130,7060
1714,17140,7060
1715,17150,7060
1716,17160,7060
1717,17170,7060
1718,17180,7060
1719,17190,7060
1720,17200,7060
1721,17210,7060
1722,17220,7060
1723,17230,7060
1724,17240,7060
1725,17250,7060
1726,17260,7060
1727,17270,7060
1728,17280,7060
1729,17290,7060
1730,17300,7060
1731,17310,7060
1732,17320,7060
1733,17330,7060
1734,17340,7060
1735,17350,7060
1736,17360,7060
1737,17370,7060
1738,17380,7060
1739,17390,7060
1740,17400,7060
1741,17410,7060
1742,17420,7060
1743,17430,7060
1744,17440,7060
1745,17450,7060
1746,17460,7060
1747,17470,7060
1748,17480,7060
1749,17490,7060
1750,17500,7060
1751,17510,7060
1752,17520,7060
1753,17530,7060
1754,17540,7060
1755,17550,7060
1756,17560,7060
1757,17570,7060
1758,17580,7060
1759,17590,7060
1760,17600,7060
1761,17610,7060
1762,17620,7060
1763,17630,7060
1764,17640,7060
1765,17650,7060
1766,17660,7060
1767,17670,7060
1768,17680,7060
1769,17690,7060
1770,17700,7060
1771,17710,7060
1772,17720,7060
1773,17730,7060
1774,17740,7060
1775,17750,7060
1776,17760,7060
1777,17770,7060
1778,17780,7060
1779,17790,7060
1780,17800,7060
1781,17810,7060
1782,17820,7060
1783,17830,7060
1784,17840,7060
1785,17850,7060
1786,17860,7060
1787,17870,7060
1788,17880,7060
1789,17890,7060
1790,17900,7060
1791,17910,7060
1792,17920,7060
1793,17930,7060
1794,17940,7060
1795,17950,7060
1796,17960,7060
1797,17970,7060
1798,17980,7060
1799,17990,7060
1800,18000,7060
1801,18010,7060
1802,18020,7060
1803,18030,7060
1804,18040,7060
1805,18050,7060
1806,18060,7060
1807,18070,7060
1808,18080,7060
1809,18090,7060
1810,18100,7060
1811,18110,7060
1812,18120,7060
1813,18130,7060
1814,18140,7060
1815,18150,7060
1816,18160,7060
1817,18170,7060
1818,18180,7060
1819,18190,7060
1820,18200,7060
1821,18210,7060
1822,18220,7060
1823,18230,7060
1824,18240,7060
1825,18250,7060
1826,18260,7060
1827,18270,7060
1828,18280,7060
1829,18290,7060
1830,18300,7060
1831,18310,7060
1832,18320,7060
1833,18330,7060
1834,18340,7060
1835,18350,7060
1836,18360,7060
1837,18370,7060
1838,18380,7060
1839,18390,7060
1840,18400,7060
1841,18410,7060
1842,18420,7060
1843,18430,7060
1844,18440,7060
1845,18450,7060
1846,18460,7060
1847,18470,7060
1848,18480,7060
1849,18490,7060
1850,18500,7060
1851,18510,7060
1852,18520,7060
1853,18530,7060
1854,18540,7060
1855,18550,7060
1856,18560,7060
1857,18570,7060
1858,18580,7060
1859,18590,7060
1860,18600,7060
1861,18610,7060
1862,18620,7060
1863,18630,7060
1864,18640,7060
1865,18650,7060
1866,18660,7060
1867,18670,7060
1868,18680,7060
1869,18690,7060
1870,18700,7060
1871,18710,7060
1872,18720,7060
1873,18730,7060
1874,18740,7060
1875,18750,7060
1876,18760,7060
1877,18770,7060
1878,18780,7060
1879,18790,7060
1880,18800,7060
1881,18810,7060
1882,18820,7060
1883,18830,7060
1884,18840,7060
1885,18850,7060
1886,18860,7060
1887,18870,7060
1888,18880,7060
1889,18890,7060
1890,18900,7060
1891,18910,7060
1892,18920,7060
1893,18930,7060
1894,18940,7060
1895,18950,7060
1896,18960,7060
1897,18970,7060
1898,18980,7060
1899,18990,7060
1900,19000,7060
1901,19010,7060
1902,19020,7060
1903,19030,7060
1904,19040,7060
1905,19050,7060
1906,19060,7060
1907,19070,7060
1908,19080,7060
1909,19090,7060
1910,19100,7060
1911,19110,7060
1912,19120,7060
1913,19130,7060
1914,19140,7060
1915,19150,7060
1916,19160,7060
1917,19170,7060
1918,19180,7060
1919,19190,7060
1920,19200,7060
1921,19210,7060
1922,19220,7060
1923,19230,7060
1924,19240,7060
1925,19250,7060
1926,19260,7060
1927,19270,7060
1928,19280,7060
1929,19290,7060
1930,19300,7060
1931,19310,7060
1932,19320,7060
1933,19330,7060
1934,19340,7060
1935,19350,7060
1936,19360,7060
1937,19370,7060
1938,19380,7060
1939,19390,7060
1940,19400,7060
1941,19410,7060
1942,19420,7060
1943,19430,7060
1944,19440,7060
1945,19450,7060
1946,19460,7060
1947,19470,7060
1948,19480,7060
1949,19490,7060
1950,19500,7060
1951,19510,7060
1952,19520,7060
1953,19530,7060
1954,19540,7060
1955,19550,7060
1956,19560,7060
1957,19570,7060
1958,19580,7060
1959,19590,7060
1960,19600,7060
1961,19610,7060
1962,19620,7060
1963,19630,7060
1964,19640,7060
1965,19650,7060
1966,19660,7060
1967,19670,7060
1968,19680,7060
1969,19690,7060
1970,19700,7060
1971,19710,7060
1972,19720,7060
1973,19730,7060
1974,19740,7060
1975,19750,7060
1976,19760,7060
1977,19770,7060
1978,19780,7060
1979,19790,7060
1980,19800,7060
1981,19810,7060
1982,19820,7060
1983,19830,7060
1984,19840,7060
1985,19850,7060
1986,19860,7060
1987,19870,7060
1988,19880,7060
1989,19890,7060
1990,19900,7060
1991,19910,7060
1992,19920,7060
1993,19930,7060
1994,19940,7060
1995,19950,7060
1996,19960,7060
1997,19970,7060
1998,19980,7060
1999,19990,7060
2000,20000,7060
2001,20010,7060
2002,20020,7060
2003,20030,7060
2004,20040,7060
2005,20050,7060
2006,20060,7060
2007,20070,7060
2008,20080,7060
2009,20090,7060
2010,20100,7060
2011,20110,7060
2012,20120,7060
2013,20130,7060
2014,20140,7060
2015,20150,7060
2016,20160,7060
2017,20170,7060
2018,20180,7060
2019,20190,7060
2020,20200,7060
2021,20210,7060
2022,20220,7060
2023,20230,7060
2024,20240,7060
2025,20250,7060
2026,20260,7060
2027,20270,7060
2028,20280,7060
2029,20290,7060
2030,20300,7060
2031,20310,7060
2032,20320,7060
2033,20330,7060
2034,20340,7060
2035,20350,7060
2036,20360,7060
2037,20370,7060
2038,20380,7060
2039,20390,7060
2040,20400,7060
2041,20410,7060
2042,20420,7060
2043,20430,7060
2044,20440,7060
2045,20450,7060
2046,20460,7060
2047,20470,7060
2048,20480,7060
2049,20490,7060
2050,20500,7060
2051,20510,7060
2052,20520,7060
2053,20530,7060
2054,20540,7060
2055,20550,7060
2056,20560,7060
2057,20570,7060
2058,20580,7060
2059,20590,7060
2060,20600,7060
2061,20610,7060
2062,20620,7060
2063,20630,7060
2064,20640,7060
2065,20650,7060
2066,20660,7060
2067,20670,7060
2068,20680,7060
2069,20690,7060
2070,20700,7060
2071,20710,7060
2072,20720,7060
2073,20730,7060
2074,20740,7060
2075,20750,7060
2076,20760,7060
2077,20770,7060
2078,20780,7060
2079,20790,7060
2080,20800,7060
2081,20810,7060
2082,20820,7060
2083,20830,7060
2084,20840,7060
2085,20850,7060
2086,20860,7060
2087,20870,7060
2088,20880,7060
2089,20890,7060
2090,20900,7060
2091,20910,7060
2092,20920,7060
2093,20930,7060
2094,20940,7060
2095,20950,7060
2096,20960,7060
2097,20970,7060
2098,20980,7060
2099,20990,7060
2100,21000,7060
2101,21010,7060
2102,21020,7060
2103,21030,7060
2104,21040,7060
2105,21050,7060
2106,21060,7060
2107,21070,7060
2108,21080,7060
2109,21090,7060
2110,21100,7060
2111,21110,7060
2112,21120,7060
2113,21130,7060
2114,21140,7060
2115,21150,7060
2116,21160,7060
2117,21170,7060
2118,21180,7060
2119,21190,7060
2120,21200,7060
2121,21210,7060
2122,21220,7060
2123,21230,7060
2124,21240,7060
2125,21250,7060
2126,21260,7060
2127,21270,7060
2128,21280,7060
2129,21290,7060
2130,21300,7060
2131,21310,7060
2132,21320,7060
2133,21330,7060
2134,21340,7060
2135,21350,7060
2136,21360,7060
2137,21370,7060
2138,21380,7060
2139,21390,7060
2140,21400,7060
2141,21410,7060
2142,21420,7060
2143,21430,7060
2144,21440,7060
2145,21450,7060
2146,21460,7060
2147,21470,7060
2148,21480,7060
2149,21490,7060
2150,21500,7060
2151,21510,7060