timeStamp,elapsed,label,responseCode,responseMessage,threadName,dataType,success,failureMessage,bytes,sentBytes,grpThreads,allThreads,URL,Latency,IdleTime,Connect
1731508507457,72,155e47f8e7f751d0c845049456d01832013c61336a8cd85901330ac821a71534,1,OK,Thread Group 1-1,text,true,,363,0,1,1,null,0,0,0
1731508507566,52,155e47f8e7f751d0c845049456d01832013c61336a8cd85901330ac821a71534,1,OK,Thread Group 1-1,text,true,,363,0,1,1,null,0,0,0
1731508161531,6221,func,1,OK,Thread Group 1-1,text,true,,887,0,1,1,null,0,0,0
1731508167810,917,155e47f8e7f751d0c845049456d01832013c61336a8cd85901330ac821a71534,1,OK,Thread Group 1-1,text,true,,868,0,1,1,null,0,0,0
1731508168728,1204,155e47f8e7f751d0c845049456d01832013c61336a8cd85901330ac821a71534,1,OK,Thread Group 1-1,text,true,,868,0,1,1,null,0,0,0
1731508192514,709,155e47f8e7f751d0c845049456d01832013c61336a8cd85901330ac821a71534,1,OK,Thread Group 1-1,text,true,,868,0,1,1,null,0,0,0
1731508198458,1113,155e47f8e7f751d0c845049456d01832013c61336a8cd85901330ac821a71534,1,OK,Thread Group 1-1,text,true,,868,0,1,1,null,0,0,0
1731508330282,1393,155e47f8e7f751d0c845049456d01832013c61336a8cd85901330ac821a71534,1,OK,Thread Group 1-1,text,true,,868,0,1,1,null,0,0,0
1731508473170,712,155e47f8e7f751d0c845049456d01832013c61336a8cd85901330ac821a71534,1,OK,Thread Group 1-1,text,true,,868,0,1,1,null,0,0,0
1731508653878,930,155e47f8e7f751d0c845049456d01832013c61336a8cd85901330ac821a71534,1,OK,Thread Group 1-1,text,true,,2731,0,1,1,null,0,0,0
1731508774818,999,155e47f8e7f751d0c845049456d01832013c61336a8cd85901330ac821a71534,1,OK,Thread Group 1-1,text,true,,2731,0,1,1,null,0,0,0
1731508893029,1713,155e47f8e7f751d0c845049456d01832013c61336a8cd85901330ac821a71534,1,OK,Thread Group 1-1,text,true,,2679,0,1,1,null,0,0,0
1731508274203,889,func,1,OK,Thread Group 1-1,text,true,,902,0,1,1,null,0,0,0
1731508275138,728,155e47f8e7f751d0c845049456d01832013c61336a8cd85901330ac821a71534,1,OK,Thread Group 1-1,text,true,,902,0,1,1,null,0,0,0
1731508275867,785,155e47f8e7f751d0c845049456d01832013c61336a8cd85901330ac821a71534,1,OK,Thread Group 1-1,text,true,,902,0,1,1,null,0,0,0
1731508299234,1316,155e47f8e7f751d0c845049456d01832013c61336a8cd85901330ac821a71534,1,OK,Thread Group 1-1,text,true,,902,0,1,1,null,0,0,0
1731508305784,676,155e47f8e7f751d0c845049456d01832013c61336a8cd85901330ac821a71534,1,OK,Thread Group 1-1,text,true,,902,0,1,1,null,0,0,0
1731508437170,682,155e47f8e7f751d0c845049456d01832013c61336a8cd85901330ac821a71534,1,OK,Thread Group 1-1,text,true,,902,0,1,1,null,0,0,0
1731508579347,1187,155e47f8e7f751d0c845049456d01832013c61336a8cd85901330ac821a71534,1,OK,Thread Group 1-1,text,true,,902,0,1,1,null,0,0,0
1731508760530,1603,155e47f8e7f751d0c845049456d01832013c61336a8cd85901330ac821a71534,1,OK,Thread Group 1-1,text,true,,2679,0,1,1,null,0,0,0
1731508882139,898,155e47f8e7f751d0c845049456d01832013c61336a8cd85901330ac821a71534,1,OK,Thread Group 1-1,text,true,,2731,0,1,1,null,0,0,0
1731509000248,1970,155e47f8e7f751d0c845049456d01832013c61336a8cd85901330ac821a71534,1,OK,Thread Group 1-1,text,true,,2679,0,1,1,null,0,0,0
1731509522851,1854,155e47f8e7f751d0c845049456d01832013c61336a8cd85901330ac821a71534,1,OK,Thread Group 1-1,text,true,,2679,0,1,1,null,0,0,0
1731509522851,1854,155e47f8e7f751d0c845049456d01832013c61336a8cd85901330ac821a71534,1,OK,Thread Group 1-1,text,true,,2679,0,1,1,null,0,0,0
1731509524761,1061,155e47f8e7f751d0c845049456d01832013c61336a8cd85901330ac821a71534,1,OK,Thread Group 1-1,text,true,,2731,0,1,1,null,0,0,0
1731509524761,1061,155e47f8e7f751d0c845049456d01832013c61336a8cd85901330ac821a71534,1,OK,Thread Group 1-1,text,true,,2731,0,1,1,null,0,0,0
1731509547341,967,155e47f8e7f751d0c845049456d01832013c61336a8cd85901330ac821a71534,1,OK,Thread Group 1-1,text,true,,2731,0,1,1,null,0,0,0
1731509547341,967,155e47f8e7f751d0c845049456d01832013c61336a8cd85901330ac821a71534,1,OK,Thread Group 1-1,text,true,,2731,0,1,1,null,0,0,0
1731509552576,917,155e47f8e7f751d0c845049456d01832013c61336a8cd85901330ac821a71534,1,OK,Thread Group 1-1,text,true,,2731,0,1,1,null,0,0,0
1731509552576,917,155e47f8e7f751d0c845049456d01832013c61336a8cd85901330ac821a71534,1,OK,Thread Group 1-1,text,true,,2731,0,1,1,null,0,0,0
1731509683286,914,155e47f8e7f751d0c845049456d01832013c61336a8cd85901330ac821a71534,1,OK,Thread Group 1-1,text,true,,2731,0,1,1,null,0,0,0
1731509683286,914,155e47f8e7f751d0c845049456d01832013c61336a8cd85901330ac821a71534,1,OK,Thread Group 1-1,text,true,,2731,0,1,1,null,0,0,0
1731512593664,6359,155e47f8e7f751d0c845049456d01832013c61336a8cd85901330ac821a71534,0,OK,Thread Group 1-1,text,true,,764,0,1,1,null,0,0,0
1731512593664,6359,155e47f8e7f751d0c845049456d01832013c61336a8cd85901330ac821a71534,0,OK,Thread Group 1-1,text,true,,764,0,1,1,null,0,0,0
1731512600152,6843,155e47f8e7f751d0c845049456d01832013c61336a8cd85901330ac821a71534,0,OK,Thread Group 1-1,text,true,,765,0,1,1,null,0,0,0
1731512600152,6843,155e47f8e7f751d0c845049456d01832013c61336a8cd85901330ac821a71534,0,OK,Thread Group 1-1,text,true,,765,0,1,1,null,0,0,0
1731512622734,5670,155e47f8e7f751d0c845049456d01832013c61336a8cd85901330ac821a71534,0,OK,Thread Group 1-1,text,true,,765,0,1,1,null,0,0,0
1731512622734,5670,155e47f8e7f751d0c845049456d01832013c61336a8cd85901330ac821a71534,0,OK,Thread Group 1-1,text,true,,765,0,1,1,null,0,0,0
1731512628405,7291,155e47f8e7f751d0c845049456d01832013c61336a8cd85901330ac821a71534,0,OK,Thread Group 1-1,text,true,,764,0,1,1,null,0,0,0
1731512628405,7291,155e47f8e7f751d0c845049456d01832013c61336a8cd85901330ac821a71534,0,OK,Thread Group 1-1,text,true,,764,0,1,1,null,0,0,0
1731512756118,10695,155e47f8e7f751d0c845049456d01832013c61336a8cd85901330ac821a71534,0,OK,Thread Group 1-1,text,true,,763,0,1,1,null,0,0,0
1731512756118,10695,155e47f8e7f751d0c845049456d01832013c61336a8cd85901330ac821a71534,0,OK,Thread Group 1-1,text,true,,763,0,1,1,null,0,0,0
1731512767076,8897,155e47f8e7f751d0c845049456d01832013c61336a8cd85901330ac821a71534,0,OK,Thread Group 1-1,text,true,,764,0,1,1,null,0,0,0
1731512767076,8897,155e47f8e7f751d0c845049456d01832013c61336a8cd85901330ac821a71534,0,OK,Thread Group 1-1,text,true,,764,0,1,1,null,0,0,0
1731512775975,7988,155e47f8e7f751d0c845049456d01832013c61336a8cd85901330ac821a71534,0,OK,Thread Group 1-1,text,true,,763,0,1,1,null,0,0,0
1731512775975,7988,155e47f8e7f751d0c845049456d01832013c61336a8cd85901330ac821a71534,0,OK,Thread Group 1-1,text,true,,763,0,1,1,null,0,0,0
1731512783966,6136,155e47f8e7f751d0c845049456d01832013c61336a8cd85901330ac821a71534,0,OK,Thread Group 1-1,text,true,,763,0,1,1,null,0,0,0
1731512783966,6136,155e47f8e7f751d0c845049456d01832013c61336a8cd85901330ac821a71534,0,OK,Thread Group 1-1,text,true,,763,0,1,1,null,0,0,0
1731512790129,6411,155e47f8e7f751d0c845049456d01832013c61336a8cd85901330ac821a71534,0,OK,Thread Group 1-1,text,true,,763,0,1,1,null,0,0,0
1731512790129,6411,155e47f8e7f751d0c845049456d01832013c61336a8cd85901330ac821a71534,0,OK,Thread Group 1-1,text,true,,763,0,1,1,null,0,0,0
1731512853283,5655,155e47f8e7f751d0c845049456d01832013c61336a8cd85901330ac821a71534,0,OK,Thread Group 1-1,text,true,,764,0,1,1,null,0,0,0
1731512853283,5655,155e47f8e7f751d0c845049456d01832013c61336a8cd85901330ac821a71534,0,OK,Thread Group 1-1,text,true,,764,0,1,1,null,0,0,0
1731512859005,6909,155e47f8e7f751d0c845049456d01832013c61336a8cd85901330ac821a71534,0,OK,Thread Group 1-1,text,true,,765,0,1,1,null,0,0,0
1731512859005,6909,155e47f8e7f751d0c845049456d01832013c61336a8cd85901330ac821a71534,0,OK,Thread Group 1-1,text,true,,765,0,1,1,null,0,0,0
1731512865917,7514,155e47f8e7f751d0c845049456d01832013c61336a8cd85901330ac821a71534,0,OK,Thread Group 1-1,text,true,,763,0,1,1,null,0,0,0
1731512865917,7514,155e47f8e7f751d0c845049456d01832013c61336a8cd85901330ac821a71534,0,OK,Thread Group 1-1,text,true,,763,0,1,1,null,0,0,0
1731512873434,5272,155e47f8e7f751d0c845049456d01832013c61336a8cd85901330ac821a71534,0,OK,Thread Group 1-1,text,true,,761,0,1,1,null,0,0,0
1731512873434,5272,155e47f8e7f751d0c845049456d01832013c61336a8cd85901330ac821a71534,0,OK,Thread Group 1-1,text,true,,761,0,1,1,null,0,0,0
1731512878709,7579,155e47f8e7f751d0c845049456d01832013c61336a8cd85901330ac821a71534,0,OK,Thread Group 1-1,text,true,,763,0,1,1,null,0,0,0
1731512878709,7579,155e47f8e7f751d0c845049456d01832013c61336a8cd85901330ac821a71534,0,OK,Thread Group 1-1,text,true,,763,0,1,1,null,0,0,0
1731513171777,6684,155e47f8e7f751d0c845049456d01832013c61336a8cd85901330ac821a71534,0,OK,Thread Group 1-1,text,true,,820,0,1,1,null,0,0,0
1731513178528,9131,155e47f8e7f751d0c845049456d01832013c61336a8cd85901330ac821a71534,0,OK,Thread Group 1-1,text,true,,764,0,1,1,null,0,0,0
1731513187665,8043,155e47f8e7f751d0c845049456d01832013c61336a8cd85901330ac821a71534,0,OK,Thread Group 1-1,text,true,,763,0,1,1,null,0,0,0
1731513195709,7970,155e47f8e7f751d0c845049456d01832013c61336a8cd85901330ac821a71534,0,OK,Thread Group 1-1,text,true,,761,0,1,1,null,0,0,0
1731513203681,7224,155e47f8e7f751d0c845049456d01832013c61336a8cd85901330ac821a71534,0,OK,Thread Group 1-1,text,true,,763,0,1,1,null,0,0,0
1731513211127,6428,155e47f8e7f751d0c845049456d01832013c61336a8cd85901330ac821a71534,0,OK,Thread Group 1-1,text,true,,765,0,1,1,null,0,0,0
1731513219554,6696,155e47f8e7f751d0c845049456d01832013c61336a8cd85901330ac821a71534,0,OK,Thread Group 1-1,text,true,,765,0,1,1,null,0,0,0
1731513327034,8364,155e47f8e7f751d0c845049456d01832013c61336a8cd85901330ac821a71534,0,OK,Thread Group 1-1,text,true,,818,0,1,1,null,0,0,0
1731513335444,8514,155e47f8e7f751d0c845049456d01832013c61336a8cd85901330ac821a71534,0,OK,Thread Group 1-1,text,true,,765,0,1,1,null,0,0,0
1731513343961,5964,155e47f8e7f751d0c845049456d01832013c61336a8cd85901330ac821a71534,0,OK,Thread Group 1-1,text,true,,764,0,1,1,null,0,0,0
1731513349931,6744,155e47f8e7f751d0c845049456d01832013c61336a8cd85901330ac821a71534,0,OK,Thread Group 1-1,text,true,,765,0,1,1,null,0,0,0
1731513356676,7591,155e47f8e7f751d0c845049456d01832013c61336a8cd85901330ac821a71534,0,OK,Thread Group 1-1,text,true,,765,0,1,1,null,0,0,0
1731513364272,6530,155e47f8e7f751d0c845049456d01832013c61336a8cd85901330ac821a71534,0,OK,Thread Group 1-1,text,true,,763,0,1,1,null,0,0,0
1731513372696,6144,155e47f8e7f751d0c845049456d01832013c61336a8cd85901330ac821a71534,0,OK,Thread Group 1-1,text,true,,763,0,1,1,null,0,0,0
1731513602226,6512,155e47f8e7f751d0c845049456d01832013c61336a8cd85901330ac821a71534,0,OK,Thread Group 1-1,text,true,,901,0,1,1,null,0,0,0
1731513608805,11631,155e47f8e7f751d0c845049456d01832013c61336a8cd85901330ac821a71534,0,OK,Thread Group 1-1,text,true,,765,0,1,1,null,0,0,0
1731513620439,8680,155e47f8e7f751d0c845049456d01832013c61336a8cd85901330ac821a71534,0,OK,Thread Group 1-1,text,true,,760,0,1,1,null,0,0,0
1731513629124,9180,155e47f8e7f751d0c845049456d01832013c61336a8cd85901330ac821a71534,0,OK,Thread Group 1-1,text,true,,761,0,1,1,null,0,0,0
1731513638310,10017,155e47f8e7f751d0c845049456d01832013c61336a8cd85901330ac821a71534,0,OK,Thread Group 1-1,text,true,,762,0,1,1,null,0,0,0
1731513648332,8595,155e47f8e7f751d0c845049456d01832013c61336a8cd85901330ac821a71534,0,OK,Thread Group 1-1,text,true,,763,0,1,1,null,0,0,0
1731513656936,8245,155e47f8e7f751d0c845049456d01832013c61336a8cd85901330ac821a71534,0,OK,Thread Group 1-1,text,true,,762,0,1,1,null,0,0,0
1731513791142,6832,155e47f8e7f751d0c845049456d01832013c61336a8cd85901330ac821a71534,0,OK,Thread Group 1-1,text,true,,814,0,1,1,null,0,0,0
1731513798033,8418,155e47f8e7f751d0c845049456d01832013c61336a8cd85901330ac821a71534,0,OK,Thread Group 1-1,text,true,,765,0,1,1,null,0,0,0
1731513806453,7915,155e47f8e7f751d0c845049456d01832013c61336a8cd85901330ac821a71534,0,OK,Thread Group 1-1,text,true,,763,0,1,1,null,0,0,0
1731513814372,6645,155e47f8e7f751d0c845049456d01832013c61336a8cd85901330ac821a71534,0,OK,Thread Group 1-1,text,true,,762,0,1,1,null,0,0,0
1731513821021,6438,155e47f8e7f751d0c845049456d01832013c61336a8cd85901330ac821a71534,0,OK,Thread Group 1-1,text,true,,765,0,1,1,null,0,0,0
1731513828468,7246,155e47f8e7f751d0c845049456d01832013c61336a8cd85901330ac821a71534,0,OK,Thread Group 1-1,text,true,,765,0,1,1,null,0,0,0
1731513836894,7752,155e47f8e7f751d0c845049456d01832013c61336a8cd85901330ac821a71534,0,OK,Thread Group 1-1,text,true,,765,0,1,1,null,0,0,0
1731516140660,6883,155e47f8e7f751d0c845049456d01832013c61336a8cd85901330ac821a71534,0,OK,Thread Group 1-1,text,true,,813,0,1,1,null,0,0,0
1731516147724,8627,155e47f8e7f751d0c845049456d01832013c61336a8cd85901330ac821a71534,1,OK,Thread Group 1-1,text,true,,3041,0,1,1,null,0,0,0
1731516156354,8858,155e47f8e7f751d0c845049456d01832013c61336a8cd85901330ac821a71534,0,OK,Thread Group 1-1,text,true,,815,0,1,1,null,0,0,0
1731516165216,8393,155e47f8e7f751d0c845049456d01832013c61336a8cd85901330ac821a71534,0,OK,Thread Group 1-1,text,true,,765,0,1,1,null,0,0,0
1731516173614,6070,155e47f8e7f751d0c845049456d01832013c61336a8cd85901330ac821a71534,0,OK,Thread Group 1-1,text,true,,765,0,1,1,null,0,0,0
1731516181059,6048,155e47f8e7f751d0c845049456d01832013c61336a8cd85901330ac821a71534,0,OK,Thread Group 1-1,text,true,,765,0,1,1,null,0,0,0
1731516189484,6273,155e47f8e7f751d0c845049456d01832013c61336a8cd85901330ac821a71534,0,OK,Thread Group 1-1,text,true,,763,0,1,1,null,0,0,0
1731516261939,7483,155e47f8e7f751d0c845049456d01832013c61336a8cd85901330ac821a71534,0,OK,Thread Group 1-1,text,true,,813,0,1,1,null,0,0,0
1731516269509,7635,155e47f8e7f751d0c845049456d01832013c61336a8cd85901330ac821a71534,0,OK,Thread Group 1-1,text,true,,765,0,1,1,null,0,0,0
1731516277148,7898,155e47f8e7f751d0c845049456d01832013c61336a8cd85901330ac821a71534,0,OK,Thread Group 1-1,text,true,,763,0,1,1,null,0,0,0
1731516285048,6838,155e47f8e7f751d0c845049456d01832013c61336a8cd85901330ac821a71534,0,OK,Thread Group 1-1,text,true,,747,0,1,1,null,0,0,0
1731516291891,5895,155e47f8e7f751d0c845049456d01832013c61336a8cd85901330ac821a71534,0,OK,Thread Group 1-1,text,true,,763,0,1,1,null,0,0,0
1731516299335,6485,155e47f8e7f751d0c845049456d01832013c61336a8cd85901330ac821a71534,0,OK,Thread Group 1-1,text,true,,763,0,1,1,null,0,0,0
1731516307760,7290,155e47f8e7f751d0c845049456d01832013c61336a8cd85901330ac821a71534,0,OK,Thread Group 1-1,text,true,,763,0,1,1,null,0,0,0
1731516562177,6373,155e47f8e7f751d0c845049456d01832013c61336a8cd85901330ac821a71534,0,OK,Thread Group 1-1,text,true,,830,0,1,1,null,0,0,0
1731516568626,8543,155e47f8e7f751d0c845049456d01832013c61336a8cd85901330ac821a71534,0,OK,Thread Group 1-1,text,true,,783,0,1,1,null,0,0,0
1731516577172,14379,155e47f8e7f751d0c845049456d01832013c61336a8cd85901330ac821a71534,0,OK,Thread Group 1-1,text,true,,782,0,1,1,null,0,0,0
1731516591555,6138,155e47f8e7f751d0c845049456d01832013c61336a8cd85901330ac821a71534,0,OK,Thread Group 1-1,text,true,,781,0,1,1,null,0,0,0
1731516597695,7417,155e47f8e7f751d0c845049456d01832013c61336a8cd85901330ac821a71534,0,OK,Thread Group 1-1,text,true,,780,0,1,1,null,0,0,0
1731516605141,7705,155e47f8e7f751d0c845049456d01832013c61336a8cd85901330ac821a71534,0,OK,Thread Group 1-1,text,true,,780,0,1,1,null,0,0,0
1731516613566,11025,155e47f8e7f751d0c845049456d01832013c61336a8cd85901330ac821a71534,0,OK,Thread Group 1-1,text,true,,781,0,1,1,null,0,0,0
1731516920936,7189,155e47f8e7f751d0c845049456d01832013c61336a8cd85901330ac821a71534,0,OK,Thread Group 1-1,text,true,,831,0,1,1,null,0,0,0
1731516928176,7372,155e47f8e7f751d0c845049456d01832013c61336a8cd85901330ac821a71534,0,OK,Thread Group 1-1,text,true,,783,0,1,1,null,0,0,0
1731516935554,8049,155e47f8e7f751d0c845049456d01832013c61336a8cd85901330ac821a71534,0,OK,Thread Group 1-1,text,true,,781,0,1,1,null,0,0,0
1731516943605,6281,155e47f8e7f751d0c845049456d01832013c61336a8cd85901330ac821a71534,0,OK,Thread Group 1-1,text,true,,783,0,1,1,null,0,0,0
1731516949893,6833,155e47f8e7f751d0c845049456d01832013c61336a8cd85901330ac821a71534,0,OK,Thread Group 1-1,text,true,,783,0,1,1,null,0,0,0
1731516957337,7663,155e47f8e7f751d0c845049456d01832013c61336a8cd85901330ac821a71534,0,OK,Thread Group 1-1,text,true,,782,0,1,1,null,0,0,0
1731516965761,7337,155e47f8e7f751d0c845049456d01832013c61336a8cd85901330ac821a71534,0,OK,Thread Group 1-1,text,true,,783,0,1,1,null,0,0,0
1731517068222,7903,155e47f8e7f751d0c845049456d01832013c61336a8cd85901330ac821a71534,0,OK,Thread Group 1-1,text,true,,833,0,1,1,null,0,0,0
1731517076173,7464,155e47f8e7f751d0c845049456d01832013c61336a8cd85901330ac821a71534,0,OK,Thread Group 1-1,text,true,,783,0,1,1,null,0,0,0
1731517083644,5941,155e47f8e7f751d0c845049456d01832013c61336a8cd85901330ac821a71534,0,OK,Thread Group 1-1,text,true,,781,0,1,1,null,0,0,0
1731517089587,6667,155e47f8e7f751d0c845049456d01832013c61336a8cd85901330ac821a71534,0,OK,Thread Group 1-1,text,true,,783,0,1,1,null,0,0,0
1731517096257,7490,155e47f8e7f751d0c845049456d01832013c61336a8cd85901330ac821a71534,0,OK,Thread Group 1-1,text,true,,783,0,1,1,null,0,0,0
1731517103751,6058,155e47f8e7f751d0c845049456d01832013c61336a8cd85901330ac821a71534,0,OK,Thread Group 1-1,text,true,,783,0,1,1,null,0,0,0
1731517112178,8807,155e47f8e7f751d0c845049456d01832013c61336a8cd85901330ac821a71534,0,OK,Thread Group 1-1,text,true,,830,0,1,1,null,0,0,0
1731520567687,11569,155e47f8e7f751d0c845049456d01832013c61336a8cd85901330ac821a71534,0,OK,Thread Group 1-1,text,true,,834,0,1,1,null,0,0,0
1731520579332,6618,155e47f8e7f751d0c845049456d01832013c61336a8cd85901330ac821a71534,0,OK,Thread Group 1-1,text,true,,783,0,1,1,null,0,0,0
1731520585953,7584,155e47f8e7f751d0c845049456d01832013c61336a8cd85901330ac821a71534,0,OK,Thread Group 1-1,text,true,,780,0,1,1,null,0,0,0
1731520593543,5852,155e47f8e7f751d0c845049456d01832013c61336a8cd85901330ac821a71534,0,OK,Thread Group 1-1,text,true,,781,0,1,1,null,0,0,0
1731520599397,7503,155e47f8e7f751d0c845049456d01832013c61336a8cd85901330ac821a71534,0,OK,Thread Group 1-1,text,true,,780,0,1,1,null,0,0,0
1731520606901,7473,155e47f8e7f751d0c845049456d01832013c61336a8cd85901330ac821a71534,0,OK,Thread Group 1-1,text,true,,783,0,1,1,null,0,0,0
1731520615326,7461,155e47f8e7f751d0c845049456d01832013c61336a8cd85901330ac821a71534,0,OK,Thread Group 1-1,text,true,,781,0,1,1,null,0,0,0
1731520688676,8520,155e47f8e7f751d0c845049456d01832013c61336a8cd85901330ac821a71534,0,OK,Thread Group 1-1,text,true,,833,0,1,1,null,0,0,0
1731520697388,7580,155e47f8e7f751d0c845049456d01832013c61336a8cd85901330ac821a71534,0,OK,Thread Group 1-1,text,true,,783,0,1,1,null,0,0,0
1731520704972,7360,155e47f8e7f751d0c845049456d01832013c61336a8cd85901330ac821a71534,0,OK,Thread Group 1-1,text,true,,781,0,1,1,null,0,0,0
1731520712358,5870,155e47f8e7f751d0c845049456d01832013c61336a8cd85901330ac821a71534,0,OK,Thread Group 1-1,text,true,,781,0,1,1,null,0,0,0
1731520718231,7336,155e47f8e7f751d0c845049456d01832013c61336a8cd85901330ac821a71534,0,OK,Thread Group 1-1,text,true,,780,0,1,1,null,0,0,0
1731520725676,7640,155e47f8e7f751d0c845049456d01832013c61336a8cd85901330ac821a71534,0,OK,Thread Group 1-1,text,true,,781,0,1,1,null,0,0,0
1731520734101,7898,155e47f8e7f751d0c845049456d01832013c61336a8cd85901330ac821a71534,0,OK,Thread Group 1-1,text,true,,783,0,1,1,null,0,0,0
1731520771308,6831,155e47f8e7f751d0c845049456d01832013c61336a8cd85901330ac821a71534,0,OK,Thread Group 1-1,text,true,,830,0,1,1,null,0,0,0
1731520778219,7415,155e47f8e7f751d0c845049456d01832013c61336a8cd85901330ac821a71534,0,OK,Thread Group 1-1,text,true,,781,0,1,1,null,0,0,0
1731520785636,8204,155e47f8e7f751d0c845049456d01832013c61336a8cd85901330ac821a71534,0,OK,Thread Group 1-1,text,true,,783,0,1,1,null,0,0,0
1731520793842,6693,155e47f8e7f751d0c845049456d01832013c61336a8cd85901330ac821a71534,0,OK,Thread Group 1-1,text,true,,783,0,1,1,null,0,0,0
1731520800549,6548,155e47f8e7f751d0c845049456d01832013c61336a8cd85901330ac821a71534,0,OK,Thread Group 1-1,text,true,,781,0,1,1,null,0,0,0
1731520807993,9437,155e47f8e7f751d0c845049456d01832013c61336a8cd85901330ac821a71534,0,OK,Thread Group 1-1,text,true,,781,0,1,1,null,0,0,0
1731520817436,11144,155e47f8e7f751d0c845049456d01832013c61336a8cd85901330ac821a71534,0,OK,Thread Group 1-1,text,true,,781,0,1,1,null,0,0,0
1731522620068,11755,155e47f8e7f751d0c845049456d01832013c61336a8cd85901330ac821a71534,0,OK,Thread Group 1-1,text,true,,779,0,1,1,null,0,0,0
1731522632163,15154,155e47f8e7f751d0c845049456d01832013c61336a8cd85901330ac821a71534,0,OK,Thread Group 1-1,text,true,,766,0,1,1,null,0,0,0
1731522647321,8379,155e47f8e7f751d0c845049456d01832013c61336a8cd85901330ac821a71534,0,OK,Thread Group 1-1,text,true,,781,0,1,1,null,0,0,0
1731522655703,9733,155e47f8e7f751d0c845049456d01832013c61336a8cd85901330ac821a71534,0,OK,Thread Group 1-1,text,true,,783,0,1,1,null,0,0,0
1731522665447,10743,155e47f8e7f751d0c845049456d01832013c61336a8cd85901330ac821a71534,0,OK,Thread Group 1-1,text,true,,783,0,1,1,null,0,0,0
1731522676198,7757,155e47f8e7f751d0c845049456d01832013c61336a8cd85901330ac821a71534,0,OK,Thread Group 1-1,text,true,,781,0,1,1,null,0,0,0
1731522684627,10129,155e47f8e7f751d0c845049456d01832013c61336a8cd85901330ac821a71534,0,OK,Thread Group 1-1,text,true,,783,0,1,1,null,0,0,0
1731522860881,7070,155e47f8e7f751d0c845049456d01832013c61336a8cd85901330ac821a71534,0,OK,Thread Group 1-1,text,true,,780,0,1,1,null,0,0,0
1731522867995,10263,155e47f8e7f751d0c845049456d01832013c61336a8cd85901330ac821a71534,0,OK,Thread Group 1-1,text,true,,783,0,1,1,null,0,0,0
1731522878262,7562,155e47f8e7f751d0c845049456d01832013c61336a8cd85901330ac821a71534,0,OK,Thread Group 1-1,text,true,,783,0,1,1,null,0,0,0
1731522885826,10335,155e47f8e7f751d0c845049456d01832013c61336a8cd85901330ac821a71534,0,OK,Thread Group 1-1,text,true,,780,0,1,1,null,0,0,0
1731522896173,11723,155e47f8e7f751d0c845049456d01832013c61336a8cd85901330ac821a71534,0,OK,Thread Group 1-1,text,true,,784,0,1,1,null,0,0,0
1731522907899,7816,155e47f8e7f751d0c845049456d01832013c61336a8cd85901330ac821a71534,0,OK,Thread Group 1-1,text,true,,781,0,1,1,null,0,0,0
1731522916324,10888,155e47f8e7f751d0c845049456d01832013c61336a8cd85901330ac821a71534,0,OK,Thread Group 1-1,text,true,,782,0,1,1,null,0,0,0
1731522977259,1652,155e47f8e7f751d0c845049456d01832013c61336a8cd85901330ac821a71534,0,OK,Thread Group 1-1,text,true,,1398,0,1,1,null,0,0,0
1731522978997,2461,155e47f8e7f751d0c845049456d01832013c61336a8cd85901330ac821a71534,0,OK,Thread Group 1-1,text,true,,1338,0,1,1,null,0,0,0
1731522981463,2044,155e47f8e7f751d0c845049456d01832013c61336a8cd85901330ac821a71534,0,OK,Thread Group 1-1,text,true,,1276,0,1,1,null,0,0,0
1731522986965,1640,155e47f8e7f751d0c845049456d01832013c61336a8cd85901330ac821a71534,0,OK,Thread Group 1-1,text,true,,1213,0,1,1,null,0,0,0
1731522992178,1731,155e47f8e7f751d0c845049456d01832013c61336a8cd85901330ac821a71534,0,OK,Thread Group 1-1,text,true,,1152,0,1,1,null,0,0,0
1731522999622,2341,155e47f8e7f751d0c845049456d01832013c61336a8cd85901330ac821a71534,0,OK,Thread Group 1-1,text,true,,1090,0,1,1,null,0,0,0
1731523008048,1975,155e47f8e7f751d0c845049456d01832013c61336a8cd85901330ac821a71534,0,OK,Thread Group 1-1,text,true,,1029,0,1,1,null,0,0,0
1731523088148,2073,155e47f8e7f751d0c845049456d01832013c61336a8cd85901330ac821a71534,1,OK,Thread Group 1-1,text,true,,2726,0,1,1,null,0,0,0
1731523090296,2773,155e47f8e7f751d0c845049456d01832013c61336a8cd85901330ac821a71534,0,OK,Thread Group 1-1,text,true,,448,0,1,1,null,0,0,0
1731523093074,6638,155e47f8e7f751d0c845049456d01832013c61336a8cd85901330ac821a71534,0,OK,Thread Group 1-1,text,true,,783,0,1,1,null,0,0,0
1731523099715,6553,155e47f8e7f751d0c845049456d01832013c61336a8cd85901330ac821a71534,0,OK,Thread Group 1-1,text,true,,783,0,1,1,null,0,0,0
1731523106271,7640,155e47f8e7f751d0c845049456d01832013c61336a8cd85901330ac821a71534,0,OK,Thread Group 1-1,text,true,,781,0,1,1,null,0,0,0
1731523113915,6492,155e47f8e7f751d0c845049456d01832013c61336a8cd85901330ac821a71534,0,OK,Thread Group 1-1,text,true,,783,0,1,1,null,0,0,0
1731523122340,5403,155e47f8e7f751d0c845049456d01832013c61336a8cd85901330ac821a71534,0,OK,Thread Group 1-1,text,true,,783,0,1,1,null,0,0,0
1731523262846,1633,155e47f8e7f751d0c845049456d01832013c61336a8cd85901330ac821a71534,0,OK,Thread Group 1-1,text,true,,467,0,1,1,null,0,0,0
1731523264515,6401,155e47f8e7f751d0c845049456d01832013c61336a8cd85901330ac821a71534,0,OK,Thread Group 1-1,text,true,,781,0,1,1,null,0,0,0
1731523270920,9967,155e47f8e7f751d0c845049456d01832013c61336a8cd85901330ac821a71534,0,OK,Thread Group 1-1,text,true,,778,0,1,1,null,0,0,0
1731523280892,2259,155e47f8e7f751d0c845049456d01832013c61336a8cd85901330ac821a71534,0,OK,Thread Group 1-1,text,true,,466,0,1,1,null,0,0,0
1731523286102,1400,155e47f8e7f751d0c845049456d01832013c61336a8cd85901330ac821a71534,1,OK,Thread Group 1-1,text,true,,2726,0,1,1,null,0,0,0
1731523293546,1267,155e47f8e7f751d0c845049456d01832013c61336a8cd85901330ac821a71534,0,OK,Thread Group 1-1,text,true,,466,0,1,1,null,0,0,0
1731523301971,2519,155e47f8e7f751d0c845049456d01832013c61336a8cd85901330ac821a71534,0,OK,Thread Group 1-1,text,true,,452,0,1,1,null,0,0,0
1731523665495,1868,155e47f8e7f751d0c845049456d01832013c61336a8cd85901330ac821a71534,0,OK,Thread Group 1-1,text,true,,466,0,1,1,null,0,0,0
1731523667525,7807,155e47f8e7f751d0c845049456d01832013c61336a8cd85901330ac821a71534,0,OK,Thread Group 1-1,text,true,,781,0,1,1,null,0,0,0
1731523675335,7229,155e47f8e7f751d0c845049456d01832013c61336a8cd85901330ac821a71534,0,OK,Thread Group 1-1,text,true,,781,0,1,1,null,0,0,0
1731523682591,10599,155e47f8e7f751d0c845049456d01832013c61336a8cd85901330ac821a71534,0,OK,Thread Group 1-1,text,true,,778,0,1,1,null,0,0,0
1731523693197,1523,155e47f8e7f751d0c845049456d01832013c61336a8cd85901330ac821a71534,0,OK,Thread Group 1-1,text,true,,467,0,1,1,null,0,0,0
1731523700642,2168,155e47f8e7f751d0c845049456d01832013c61336a8cd85901330ac821a71534,0,OK,Thread Group 1-1,text,true,,468,0,1,1,null,0,0,0
1731523709066,1959,155e47f8e7f751d0c845049456d01832013c61336a8cd85901330ac821a71534,1,OK,Thread Group 1-1,text,true,,2726,0,1,1,null,0,0,0
1731523845209,1713,155e47f8e7f751d0c845049456d01832013c61336a8cd85901330ac821a71534,0,OK,Thread Group 1-1,text,true,,467,0,1,1,null,0,0,0
1731523846954,7872,155e47f8e7f751d0c845049456d01832013c61336a8cd85901330ac821a71534,0,OK,Thread Group 1-1,text,true,,783,0,1,1,null,0,0,0
1731523854829,7544,155e47f8e7f751d0c845049456d01832013c61336a8cd85901330ac821a71534,0,OK,Thread Group 1-1,text,true,,781,0,1,1,null,0,0,0
1731523862383,6155,155e47f8e7f751d0c845049456d01832013c61336a8cd85901330ac821a71534,0,OK,Thread Group 1-1,text,true,,783,0,1,1,null,0,0,0
1731523868543,7282,155e47f8e7f751d0c845049456d01832013c61336a8cd85901330ac821a71534,0,OK,Thread Group 1-1,text,true,,780,0,1,1,null,0,0,0
1731524966918,3750,155e47f8e7f751d0c845049456d01832013c61336a8cd85901330ac821a71534,0,OK,Thread Group 1-1,text,true,,383,0,1,1,null,0,0,0
1731524970765,6829,155e47f8e7f751d0c845049456d01832013c61336a8cd85901330ac821a71534,0,OK,Thread Group 1-1,text,true,,445,0,1,1,null,0,0,0
1731524977596,10092,155e47f8e7f751d0c845049456d01832013c61336a8cd85901330ac821a71534,0,OK,Thread Group 1-1,text,true,,445,0,1,1,null,0,0,0
1731524987691,1834,155e47f8e7f751d0c845049456d01832013c61336a8cd85901330ac821a71534,0,OK,Thread Group 1-1,text,true,,382,0,1,1,null,0,0,0
1731524992904,5687,155e47f8e7f751d0c845049456d01832013c61336a8cd85901330ac821a71534,0,OK,Thread Group 1-1,text,true,,444,0,1,1,null,0,0,0
1731525000350,2453,155e47f8e7f751d0c845049456d01832013c61336a8cd85901330ac821a71534,1,OK,Thread Group 1-1,text,true,,2641,0,1,1,null,0,0,0
1731525008776,2093,155e47f8e7f751d0c845049456d01832013c61336a8cd85901330ac821a71534,0,OK,Thread Group 1-1,text,true,,381,0,1,1,null,0,0,0
1731525010874,10917,155e47f8e7f751d0c845049456d01832013c61336a8cd85901330ac821a71534,0,OK,Thread Group 1-1,text,true,,444,0,1,1,null,0,0,0
1731525021802,14859,155e47f8e7f751d0c845049456d01832013c61336a8cd85901330ac821a71534,0,OK,Thread Group 1-1,text,true,,443,0,1,1,null,0,0,0
1731525036668,3250,155e47f8e7f751d0c845049456d01832013c61336a8cd85901330ac821a71534,0,OK,Thread Group 1-1,text,true,,381,0,1,1,null,0,0,0
1731525042237,13408,155e47f8e7f751d0c845049456d01832013c61336a8cd85901330ac821a71534,0,OK,Thread Group 1-1,text,true,,443,0,1,1,null,0,0,0
1731525055648,1611,155e47f8e7f751d0c845049456d01832013c61336a8cd85901330ac821a71534,0,OK,Thread Group 1-1,text,true,,366,0,1,1,null,0,0,0
1731525058650,8798,155e47f8e7f751d0c845049456d01832013c61336a8cd85901330ac821a71534,0,OK,Thread Group 1-1,text,true,,443,0,1,1,null,0,0,0
1731525067450,8485,155e47f8e7f751d0c845049456d01832013c61336a8cd85901330ac821a71534,0,OK,Thread Group 1-1,text,true,,443,0,1,1,null,0,0,0
1731525075943,7601,155e47f8e7f751d0c845049456d01832013c61336a8cd85901330ac821a71534,0,OK,Thread Group 1-1,text,true,,445,0,1,1,null,0,0,0
1731525517533,1819,155e47f8e7f751d0c845049456d01832013c61336a8cd85901330ac821a71534,1,OK,Thread Group 1-1,text,true,,2641,0,1,1,null,0,0,0
1731525519421,1530,155e47f8e7f751d0c845049456d01832013c61336a8cd85901330ac821a71534,1,OK,Thread Group 1-1,text,true,,2641,0,1,1,null,0,0,0
1731525520956,1863,155e47f8e7f751d0c845049456d01832013c61336a8cd85901330ac821a71534,1,OK,Thread Group 1-1,text,true,,2641,0,1,1,null,0,0,0
1731525526459,1495,155e47f8e7f751d0c845049456d01832013c61336a8cd85901330ac821a71534,0,OK,Thread Group 1-1,text,true,,381,0,1,1,null,0,0,0
1731525531669,6019,155e47f8e7f751d0c845049456d01832013c61336a8cd85901330ac821a71534,0,OK,Thread Group 1-1,text,true,,444,0,1,1,null,0,0,0
1731525539113,7526,155e47f8e7f751d0c845049456d01832013c61336a8cd85901330ac821a71534,0,OK,Thread Group 1-1,text,true,,444,0,1,1,null,0,0,0
1731525547539,1975,155e47f8e7f751d0c845049456d01832013c61336a8cd85901330ac821a71534,1,OK,Thread Group 1-1,text,true,,2641,0,1,1,null,0,0,0
1731525549522,2567,155e47f8e7f751d0c845049456d01832013c61336a8cd85901330ac821a71534,1,OK,Thread Group 1-1,text,true,,2641,0,1,1,null,0,0,0
1731525552099,1815,155e47f8e7f751d0c845049456d01832013c61336a8cd85901330ac821a71534,1,OK,Thread Group 1-1,text,true,,2641,0,1,1,null,0,0,0
1731525557097,1554,155e47f8e7f751d0c845049456d01832013c61336a8cd85901330ac821a71534,0,OK,Thread Group 1-1,text,true,,365,0,1,1,null,0,0,0
1731525562668,10666,155e47f8e7f751d0c845049456d01832013c61336a8cd85901330ac821a71534,0,OK,Thread Group 1-1,text,true,,445,0,1,1,null,0,0,0
1731525573341,1505,155e47f8e7f751d0c845049456d01832013c61336a8cd85901330ac821a71534,0,OK,Thread Group 1-1,text,true,,380,0,1,1,null,0,0,0
1731525576343,7801,155e47f8e7f751d0c845049456d01832013c61336a8cd85901330ac821a71534,0,OK,Thread Group 1-1,text,true,,446,0,1,1,null,0,0,0
1731525584148,6650,155e47f8e7f751d0c845049456d01832013c61336a8cd85901330ac821a71534,0,OK,Thread Group 1-1,text,true,,444,0,1,1,null,0,0,0
1731525590800,6764,155e47f8e7f751d0c845049456d01832013c61336a8cd85901330ac821a71534,0,OK,Thread Group 1-1,text,true,,446,0,1,1,null,0,0,0
1731526615425,1612,155e47f8e7f751d0c845049456d01832013c61336a8cd85901330ac821a71534,0,OK,Thread Group 1-1,text,true,,553,0,1,1,null,0,0,0
1731526617076,8290,155e47f8e7f751d0c845049456d01832013c61336a8cd85901330ac821a71534,0,OK,Thread Group 1-1,text,true,,634,0,1,1,null,0,0,0
1731526625371,8031,155e47f8e7f751d0c845049456d01832013c61336a8cd85901330ac821a71534,0,OK,Thread Group 1-1,text,true,,632,0,1,1,null,0,0,0
1731526633404,6423,155e47f8e7f751d0c845049456d01832013c61336a8cd85901330ac821a71534,0,OK,Thread Group 1-1,text,true,,631,0,1,1,null,0,0,0
1731526639835,6691,155e47f8e7f751d0c845049456d01832013c61336a8cd85901330ac821a71534,0,OK,Thread Group 1-1,text,true,,632,0,1,1,null,0,0,0
1731526647281,7792,155e47f8e7f751d0c845049456d01832013c61336a8cd85901330ac821a71534,0,OK,Thread Group 1-1,text,true,,634,0,1,1,null,0,0,0
1731526655704,7802,155e47f8e7f751d0c845049456d01832013c61336a8cd85901330ac821a71534,0,OK,Thread Group 1-1,text,true,,618,0,1,1,null,0,0,0
1731526663508,5806,155e47f8e7f751d0c845049456d01832013c61336a8cd85901330ac821a71534,0,OK,Thread Group 1-1,text,true,,634,0,1,1,null,0,0,0
1731526669322,10349,155e47f8e7f751d0c845049456d01832013c61336a8cd85901330ac821a71534,0,OK,Thread Group 1-1,text,true,,629,0,1,1,null,0,0,0
1731526679678,2031,155e47f8e7f751d0c845049456d01832013c61336a8cd85901330ac821a71534,0,OK,Thread Group 1-1,text,true,,571,0,1,1,null,0,0,0
1731526685248,1498,155e47f8e7f751d0c845049456d01832013c61336a8cd85901330ac821a71534,1,OK,Thread Group 1-1,text,true,,2641,0,1,1,null,0,0,0
1731526692443,1721,155e47f8e7f751d0c845049456d01832013c61336a8cd85901330ac821a71534,0,OK,Thread Group 1-1,text,true,,571,0,1,1,null,0,0,0
1731526695444,7795,155e47f8e7f751d0c845049456d01832013c61336a8cd85901330ac821a71534,0,OK,Thread Group 1-1,text,true,,634,0,1,1,null,0,0,0
1731526703243,5832,155e47f8e7f751d0c845049456d01832013c61336a8cd85901330ac821a71534,0,OK,Thread Group 1-1,text,true,,629,0,1,1,null,0,0,0
1731526709691,6849,155e47f8e7f751d0c845049456d01832013c61336a8cd85901330ac821a71534,0,OK,Thread Group 1-1,text,true,,632,0,1,1,null,0,0,0
1731527003724,1507,155e47f8e7f751d0c845049456d01832013c61336a8cd85901330ac821a71534,0,OK,Thread Group 1-1,text,true,,620,0,1,1,null,0,0,0
1731527005264,10087,155e47f8e7f751d0c845049456d01832013c61336a8cd85901330ac821a71534,0,OK,Thread Group 1-1,text,true,,684,0,1,1,null,0,0,0
1731527015356,10487,155e47f8e7f751d0c845049456d01832013c61336a8cd85901330ac821a71534,0,OK,Thread Group 1-1,text,true,,683,0,1,1,null,0,0,0
1731527025845,1261,155e47f8e7f751d0c845049456d01832013c61336a8cd85901330ac821a71534,0,OK,Thread Group 1-1,text,true,,619,0,1,1,null,0,0,0
1731527031056,5958,155e47f8e7f751d0c845049456d01832013c61336a8cd85901330ac821a71534,0,OK,Thread Group 1-1,text,true,,681,0,1,1,null,0,0,0
1731527038500,7538,155e47f8e7f751d0c845049456d01832013c61336a8cd85901330ac821a71534,0,OK,Thread Group 1-1,text,true,,682,0,1,1,null,0,0,0
1731527046924,7886,155e47f8e7f751d0c845049456d01832013c61336a8cd85901330ac821a71534,0,OK,Thread Group 1-1,text,true,,683,0,1,1,null,0,0,0
1731527054812,6541,155e47f8e7f751d0c845049456d01832013c61336a8cd85901330ac821a71534,0,OK,Thread Group 1-1,text,true,,682,0,1,1,null,0,0,0
1731527061356,6269,155e47f8e7f751d0c845049456d01832013c61336a8cd85901330ac821a71534,0,OK,Thread Group 1-1,text,true,,682,0,1,1,null,0,0,0
1731527067629,7741,155e47f8e7f751d0c845049456d01832013c61336a8cd85901330ac821a71534,0,OK,Thread Group 1-1,text,true,,684,0,1,1,null,0,0,0
1731527075375,7497,155e47f8e7f751d0c845049456d01832013c61336a8cd85901330ac821a71534,0,OK,Thread Group 1-1,text,true,,682,0,1,1,null,0,0,0
1731527082874,5963,155e47f8e7f751d0c845049456d01832013c61336a8cd85901330ac821a71534,0,OK,Thread Group 1-1,text,true,,684,0,1,1,null,0,0,0
1731527088843,2287,155e47f8e7f751d0c845049456d01832013c61336a8cd85901330ac821a71534,1,OK,Thread Group 1-1,text,true,,2641,0,1,1,null,0,0,0
1731527091138,2263,155e47f8e7f751d0c845049456d01832013c61336a8cd85901330ac821a71534,1,OK,Thread Group 1-1,text,true,,2641,0,1,1,null,0,0,0
1731527097584,1631,155e47f8e7f751d0c845049456d01832013c61336a8cd85901330ac821a71534,0,OK,Thread Group 1-1,text,true,,620,0,1,1,null,0,0,0
1731527886831,2310,155e47f8e7f751d0c845049456d01832013c61336a8cd85901330ac821a71534,0,OK,Thread Group 1-1,text,true,,100,0,1,1,null,0,0,0
1731527889233,13777,155e47f8e7f751d0c845049456d01832013c61336a8cd85901330ac821a71534,0,OK,Thread Group 1-1,text,true,,160,0,1,1,null,0,0,0
1731527903016,5905,155e47f8e7f751d0c845049456d01832013c61336a8cd85901330ac821a71534,0,OK,Thread Group 1-1,text,true,,163,0,1,1,null,0,0,0
1731527908926,7311,155e47f8e7f751d0c845049456d01832013c61336a8cd85901330ac821a71534,0,OK,Thread Group 1-1,text,true,,164,0,1,1,null,0,0,0
1731527916242,7667,155e47f8e7f751d0c845049456d01832013c61336a8cd85901330ac821a71534,0,OK,Thread Group 1-1,text,true,,163,0,1,1,null,0,0,0
1731527923911,6313,155e47f8e7f751d0c845049456d01832013c61336a8cd85901330ac821a71534,0,OK,Thread Group 1-1,text,true,,162,0,1,1,null,0,0,0
1731527932337,1730,155e47f8e7f751d0c845049456d01832013c61336a8cd85901330ac821a71534,1,OK,Thread Group 1-1,text,true,,2641,0,1,1,null,0,0,0
1731527934203,1401,155e47f8e7f751d0c845049456d01832013c61336a8cd85901330ac821a71534,1,OK,Thread Group 1-1,text,true,,2641,0,1,1,null,0,0,0
1731527935810,2242,155e47f8e7f751d0c845049456d01832013c61336a8cd85901330ac821a71534,0,OK,Thread Group 1-1,text,true,,101,0,1,1,null,0,0,0
1731527940809,5859,155e47f8e7f751d0c845049456d01832013c61336a8cd85901330ac821a71534,0,OK,Thread Group 1-1,text,true,,156,0,1,1,null,0,0,0
1731527946670,7842,155e47f8e7f751d0c845049456d01832013c61336a8cd85901330ac821a71534,0,OK,Thread Group 1-1,text,true,,156,0,1,1,null,0,0,0
1731527954515,6760,155e47f8e7f751d0c845049456d01832013c61336a8cd85901330ac821a71534,0,OK,Thread Group 1-1,text,true,,163,0,1,1,null,0,0,0
1731527961280,10986,155e47f8e7f751d0c845049456d01832013c61336a8cd85901330ac821a71534,0,OK,Thread Group 1-1,text,true,,153,0,1,1,null,0,0,0
1731527972282,1790,155e47f8e7f751d0c845049456d01832013c61336a8cd85901330ac821a71534,0,OK,Thread Group 1-1,text,true,,93,0,1,1,null,0,0,0
1731527978730,2313,155e47f8e7f751d0c845049456d01832013c61336a8cd85901330ac821a71534,1,OK,Thread Group 1-1,text,true,,2641,0,1,1,null,0,0,0
1731529877539,2101,155e47f8e7f751d0c845049456d01832013c61336a8cd85901330ac821a71534,0,OK,Thread Group 1-1,text,true,,100,0,1,1,null,0,0,0
1731529879670,11415,155e47f8e7f751d0c845049456d01832013c61336a8cd85901330ac821a71534,0,OK,Thread Group 1-1,text,true,,160,0,1,1,null,0,0,0
1731529891090,2342,155e47f8e7f751d0c845049456d01832013c61336a8cd85901330ac821a71534,0,OK,Thread Group 1-1,text,true,,100,0,1,1,null,0,0,0
1731529893438,6508,155e47f8e7f751d0c845049456d01832013c61336a8cd85901330ac821a71534,0,OK,Thread Group 1-1,text,true,,156,0,1,1,null,0,0,0
1731529899953,12267,155e47f8e7f751d0c845049456d01832013c61336a8cd85901330ac821a71534,0,OK,Thread Group 1-1,text,true,,160,0,1,1,null,0,0,0
1731529912227,1901,155e47f8e7f751d0c845049456d01832013c61336a8cd85901330ac821a71534,0,OK,Thread Group 1-1,text,true,,92,0,1,1,null,0,0,0
1731529914142,9064,155e47f8e7f751d0c845049456d01832013c61336a8cd85901330ac821a71534,0,OK,Thread Group 1-1,text,true,,163,0,1,1,null,0,0,0
1731529923211,7177,155e47f8e7f751d0c845049456d01832013c61336a8cd85901330ac821a71534,0,OK,Thread Group 1-1,text,true,,156,0,1,1,null,0,0,0
1731529930395,7597,155e47f8e7f751d0c845049456d01832013c61336a8cd85901330ac821a71534,0,OK,Thread Group 1-1,text,true,,161,0,1,1,null,0,0,0
1731529937994,7649,155e47f8e7f751d0c845049456d01832013c61336a8cd85901330ac821a71534,0,OK,Thread Group 1-1,text,true,,163,0,1,1,null,0,0,0
1731529945645,7551,155e47f8e7f751d0c845049456d01832013c61336a8cd85901330ac821a71534,0,OK,Thread Group 1-1,text,true,,161,0,1,1,null,0,0,0
1731529953201,5827,155e47f8e7f751d0c845049456d01832013c61336a8cd85901330ac821a71534,0,OK,Thread Group 1-1,text,true,,162,0,1,1,null,0,0,0
1731529959033,10027,155e47f8e7f751d0c845049456d01832013c61336a8cd85901330ac821a71534,0,OK,Thread Group 1-1,text,true,,161,0,1,1,null,0,0,0
1731529969065,2326,155e47f8e7f751d0c845049456d01832013c61336a8cd85901330ac821a71534,0,OK,Thread Group 1-1,text,true,,101,0,1,1,null,0,0,0
1731529971395,6370,155e47f8e7f751d0c845049456d01832013c61336a8cd85901330ac821a71534,0,OK,Thread Group 1-1,text,true,,164,0,1,1,null,0,0,0
1731530691654,3573,155e47f8e7f751d0c845049456d01832013c61336a8cd85901330ac821a71534,0,OK,Thread Group 1-1,text,true,,101,0,1,1,null,0,0,0
1731530695308,18591,155e47f8e7f751d0c845049456d01832013c61336a8cd85901330ac821a71534,0,OK,Thread Group 1-1,text,true,,161,0,1,1,null,0,0,0
1731530713902,1351,155e47f8e7f751d0c845049456d01832013c61336a8cd85901330ac821a71534,0,OK,Thread Group 1-1,text,true,,101,0,1,1,null,0,0,0
1731530715255,7522,155e47f8e7f751d0c845049456d01832013c61336a8cd85901330ac821a71534,0,OK,Thread Group 1-1,text,true,,163,0,1,1,null,0,0,0
1731530722783,5745,155e47f8e7f751d0c845049456d01832013c61336a8cd85901330ac821a71534,0,OK,Thread Group 1-1,text,true,,164,0,1,1,null,0,0,0
1731530728531,7427,155e47f8e7f751d0c845049456d01832013c61336a8cd85901330ac821a71534,0,OK,Thread Group 1-1,text,true,,164,0,1,1,null,0,0,0
1731530735972,7766,155e47f8e7f751d0c845049456d01832013c61336a8cd85901330ac821a71534,0,OK,Thread Group 1-1,text,true,,163,0,1,1,null,0,0,0
1731530743739,6353,155e47f8e7f751d0c845049456d01832013c61336a8cd85901330ac821a71534,0,OK,Thread Group 1-1,text,true,,163,0,1,1,null,0,0,0
1731530750095,6419,155e47f8e7f751d0c845049456d01832013c61336a8cd85901330ac821a71534,0,OK,Thread Group 1-1,text,true,,164,0,1,1,null,0,0,0
1731530756517,10993,155e47f8e7f751d0c845049456d01832013c61336a8cd85901330ac821a71534,0,OK,Thread Group 1-1,text,true,,163,0,1,1,null,0,0,0
1731530767513,1822,155e47f8e7f751d0c845049456d01832013c61336a8cd85901330ac821a71534,0,OK,Thread Group 1-1,text,true,,101,0,1,1,null,0,0,0
1731530769340,7406,155e47f8e7f751d0c845049456d01832013c61336a8cd85901330ac821a71534,0,OK,Thread Group 1-1,text,true,,163,0,1,1,null,0,0,0
1731530776749,8007,155e47f8e7f751d0c845049456d01832013c61336a8cd85901330ac821a71534,0,OK,Thread Group 1-1,text,true,,164,0,1,1,null,0,0,0
1731530784757,7007,155e47f8e7f751d0c845049456d01832013c61336a8cd85901330ac821a71534,0,OK,Thread Group 1-1,text,true,,164,0,1,1,null,0,0,0
1731530791770,6247,155e47f8e7f751d0c845049456d01832013c61336a8cd85901330ac821a71534,0,OK,Thread Group 1-1,text,true,,163,0,1,1,null,0,0,0
1731531196036,1590,155e47f8e7f751d0c845049456d01832013c61336a8cd85901330ac821a71534,0,OK,Thread Group 1-1,text,true,,93,0,1,1,null,0,0,0
1731531201029,5693,155e47f8e7f751d0c845049456d01832013c61336a8cd85901330ac821a71534,0,OK,Thread Group 1-1,text,true,,164,0,1,1,null,0,0,0
1731531206774,7667,155e47f8e7f751d0c845049456d01832013c61336a8cd85901330ac821a71534,0,OK,Thread Group 1-1,text,true,,164,0,1,1,null,0,0,0
1731531214446,7178,155e47f8e7f751d0c845049456d01832013c61336a8cd85901330ac821a71534,0,OK,Thread Group 1-1,text,true,,163,0,1,1,null,0,0,0
1731531221632,6386,155e47f8e7f751d0c845049456d01832013c61336a8cd85901330ac821a71534,0,OK,Thread Group 1-1,text,true,,162,0,1,1,null,0,0,0
1731531228022,7522,155e47f8e7f751d0c845049456d01832013c61336a8cd85901330ac821a71534,0,OK,Thread Group 1-1,text,true,,163,0,1,1,null,0,0,0
1731531235547,7752,155e47f8e7f751d0c845049456d01832013c61336a8cd85901330ac821a71534,0,OK,Thread Group 1-1,text,true,,156,0,1,1,null,0,0,0
1731531243308,6080,155e47f8e7f751d0c845049456d01832013c61336a8cd85901330ac821a71534,0,OK,Thread Group 1-1,text,true,,163,0,1,1,null,0,0,0
1731531249393,10330,155e47f8e7f751d0c845049456d01832013c61336a8cd85901330ac821a71534,0,OK,Thread Group 1-1,text,true,,160,0,1,1,null,0,0,0
1731531259725,1993,155e47f8e7f751d0c845049456d01832013c61336a8cd85901330ac821a71534,0,OK,Thread Group 1-1,text,true,,93,0,1,1,null,0,0,0
1731531264725,9738,155e47f8e7f751d0c845049456d01832013c61336a8cd85901330ac821a71534,0,OK,Thread Group 1-1,text,true,,163,0,1,1,null,0,0,0
1731531274473,1380,155e47f8e7f751d0c845049456d01832013c61336a8cd85901330ac821a71534,0,OK,Thread Group 1-1,text,true,,93,0,1,1,null,0,0,0
1731531279474,6504,155e47f8e7f751d0c845049456d01832013c61336a8cd85901330ac821a71534,0,OK,Thread Group 1-1,text,true,,164,0,1,1,null,0,0,0
1731531285979,7637,155e47f8e7f751d0c845049456d01832013c61336a8cd85901330ac821a71534,0,OK,Thread Group 1-1,text,true,,161,0,1,1,null,0,0,0
1731531293619,5991,155e47f8e7f751d0c845049456d01832013c61336a8cd85901330ac821a71534,0,OK,Thread Group 1-1,text,true,,164,0,1,1,null,0,0,0
1731531567118,1692,155e47f8e7f751d0c845049456d01832013c61336a8cd85901330ac821a71534,0,OK,Thread Group 1-1,text,true,,101,0,1,1,null,0,0,0
1731531568856,7042,155e47f8e7f751d0c845049456d01832013c61336a8cd85901330ac821a71534,0,OK,Thread Group 1-1,text,true,,164,0,1,1,null,0,0,0
1731531575935,7863,155e47f8e7f751d0c845049456d01832013c61336a8cd85901330ac821a71534,0,OK,Thread Group 1-1,text,true,,163,0,1,1,null,0,0,0
1731531589303,6895,155e47f8e7f751d0c845049456d01832013c61336a8cd85901330ac821a71534,0,OK,Thread Group 1-1,text,true,,163,0,1,1,null,0,0,0
1731531601410,1843,155e47f8e7f751d0c845049456d01832013c61336a8cd85901330ac821a71534,1,OK,Thread Group 1-1,text,true,,2715,0,1,1,null,0,0,0
1731531610706,1749,155e47f8e7f751d0c845049456d01832013c61336a8cd85901330ac821a71534,0,OK,Thread Group 1-1,text,true,,101,0,1,1,null,0,0,0
1731531620885,3033,155e47f8e7f751d0c845049456d01832013c61336a8cd85901330ac821a71534,0,OK,Thread Group 1-1,text,true,,100,0,1,1,null,0,0,0
1731531625784,11059,155e47f8e7f751d0c845049456d01832013c61336a8cd85901330ac821a71534,0,OK,Thread Group 1-1,text,true,,163,0,1,1,null,0,0,0
1731531638449,2379,155e47f8e7f751d0c845049456d01832013c61336a8cd85901330ac821a71534,1,OK,Thread Group 1-1,text,true,,2641,0,1,1,null,0,0,0
1731531645829,2401,155e47f8e7f751d0c845049456d01832013c61336a8cd85901330ac821a71534,0,OK,Thread Group 1-1,text,true,,100,0,1,1,null,0,0,0
1731531653803,10037,155e47f8e7f751d0c845049456d01832013c61336a8cd85901330ac821a71534,0,OK,Thread Group 1-1,text,true,,163,0,1,1,null,0,0,0
1731531671039,1600,155e47f8e7f751d0c845049456d01832013c61336a8cd85901330ac821a71534,0,OK,Thread Group 1-1,text,true,,101,0,1,1,null,0,0,0
1731531675643,7725,155e47f8e7f751d0c845049456d01832013c61336a8cd85901330ac821a71534,0,OK,Thread Group 1-1,text,true,,163,0,1,1,null,0,0,0
1731531683748,6275,155e47f8e7f751d0c845049456d01832013c61336a8cd85901330ac821a71534,0,OK,Thread Group 1-1,text,true,,156,0,1,1,null,0,0,0
1731531696484,1831,155e47f8e7f751d0c845049456d01832013c61336a8cd85901330ac821a71534,0,OK,Thread Group 1-1,text,true,,101,0,1,1,null,0,0,0
1731533944412,1496,155e47f8e7f751d0c845049456d01832013c61336a8cd85901330ac821a71534,1,OK,Thread Group 1-1,text,true,,2641,0,1,1,null,0,0,0
1731533946134,952,155e47f8e7f751d0c845049456d01832013c61336a8cd85901330ac821a71534,1,OK,Thread Group 1-1,text,true,,2641,0,1,1,null,0,0,0
1731533947088,1209,155e47f8e7f751d0c845049456d01832013c61336a8cd85901330ac821a71534,1,OK,Thread Group 1-1,text,true,,2641,0,1,1,null,0,0,0
1731533952591,2155,155e47f8e7f751d0c845049456d01832013c61336a8cd85901330ac821a71534,0,OK,Thread Group 1-1,text,true,,101,0,1,1,null,0,0,0
1731533957802,8070,155e47f8e7f751d0c845049456d01832013c61336a8cd85901330ac821a71534,0,OK,Thread Group 1-1,text,true,,163,0,1,1,null,0,0,0
1731533965879,7739,155e47f8e7f751d0c845049456d01832013c61336a8cd85901330ac821a71534,0,OK,Thread Group 1-1,text,true,,163,0,1,1,null,0,0,0
1731533974304,7003,155e47f8e7f751d0c845049456d01832013c61336a8cd85901330ac821a71534,0,OK,Thread Group 1-1,text,true,,164,0,1,1,null,0,0,0
1731533981313,6670,155e47f8e7f751d0c845049456d01832013c61336a8cd85901330ac821a71534,0,OK,Thread Group 1-1,text,true,,164,0,1,1,null,0,0,0
1731533987990,7515,155e47f8e7f751d0c845049456d01832013c61336a8cd85901330ac821a71534,0,OK,Thread Group 1-1,text,true,,164,0,1,1,null,0,0,0
1731533995508,7682,155e47f8e7f751d0c845049456d01832013c61336a8cd85901330ac821a71534,0,OK,Thread Group 1-1,text,true,,162,0,1,1,null,0,0,0
1731534003194,6370,155e47f8e7f751d0c845049456d01832013c61336a8cd85901330ac821a71534,0,OK,Thread Group 1-1,text,true,,164,0,1,1,null,0,0,0
1731534010395,10467,155e47f8e7f751d0c845049456d01832013c61336a8cd85901330ac821a71534,0,OK,Thread Group 1-1,text,true,,160,0,1,1,null,0,0,0
1731534020866,10114,155e47f8e7f751d0c845049456d01832013c61336a8cd85901330ac821a71534,0,OK,Thread Group 1-1,text,true,,160,0,1,1,null,0,0,0
1731534030986,14972,155e47f8e7f751d0c845049456d01832013c61336a8cd85901330ac821a71534,0,OK,Thread Group 1-1,text,true,,160,0,1,1,null,0,0,0
1731534045961,1357,155e47f8e7f751d0c845049456d01832013c61336a8cd85901330ac821a71534,0,OK,Thread Group 1-1,text,true,,92,0,1,1,null,0,0,0
1731534222982,1775,155e47f8e7f751d0c845049456d01832013c61336a8cd85901330ac821a71534,0,OK,Thread Group 1-1,text,true,,101,0,1,1,null,0,0,0
1731534224941,7738,155e47f8e7f751d0c845049456d01832013c61336a8cd85901330ac821a71534,0,OK,Thread Group 1-1,text,true,,163,0,1,1,null,0,0,0
1731534232683,6100,155e47f8e7f751d0c845049456d01832013c61336a8cd85901330ac821a71534,0,OK,Thread Group 1-1,text,true,,163,0,1,1,null,0,0,0
1731534238786,7412,155e47f8e7f751d0c845049456d01832013c61336a8cd85901330ac821a71534,0,OK,Thread Group 1-1,text,true,,164,0,1,1,null,0,0,0
1731534246200,8197,155e47f8e7f751d0c845049456d01832013c61336a8cd85901330ac821a71534,0,OK,Thread Group 1-1,text,true,,164,0,1,1,null,0,0,0
1731534254399,6789,155e47f8e7f751d0c845049456d01832013c61336a8cd85901330ac821a71534,0,OK,Thread Group 1-1,text,true,,163,0,1,1,null,0,0,0
1731534261196,6496,155e47f8e7f751d0c845049456d01832013c61336a8cd85901330ac821a71534,0,OK,Thread Group 1-1,text,true,,164,0,1,1,null,0,0,0
1731534267695,7522,155e47f8e7f751d0c845049456d01832013c61336a8cd85901330ac821a71534,0,OK,Thread Group 1-1,text,true,,163,0,1,1,null,0,0,0
1731534275248,7332,155e47f8e7f751d0c845049456d01832013c61336a8cd85901330ac821a71534,0,OK,Thread Group 1-1,text,true,,163,0,1,1,null,0,0,0
1731534282585,5783,155e47f8e7f751d0c845049456d01832013c61336a8cd85901330ac821a71534,0,OK,Thread Group 1-1,text,true,,164,0,1,1,null,0,0,0
1731534288374,10758,155e47f8e7f751d0c845049456d01832013c61336a8cd85901330ac821a71534,0,OK,Thread Group 1-1,text,true,,160,0,1,1,null,0,0,0
1731534299135,2481,155e47f8e7f751d0c845049456d01832013c61336a8cd85901330ac821a71534,0,OK,Thread Group 1-1,text,true,,100,0,1,1,null,0,0,0
1731534301623,6160,155e47f8e7f751d0c845049456d01832013c61336a8cd85901330ac821a71534,0,OK,Thread Group 1-1,text,true,,164,0,1,1,null,0,0,0
1731534307787,7787,155e47f8e7f751d0c845049456d01832013c61336a8cd85901330ac821a71534,0,OK,Thread Group 1-1,text,true,,163,0,1,1,null,0,0,0
1731534315576,7163,155e47f8e7f751d0c845049456d01832013c61336a8cd85901330ac821a71534,0,OK,Thread Group 1-1,text,true,,163,0,1,1,null,0,0,0
1731534549543,4134,155e47f8e7f751d0c845049456d01832013c61336a8cd85901330ac821a71534,0,OK,Thread Group 1-1,text,true,,100,0,1,1,null,0,0,0
1731534553694,6032,155e47f8e7f751d0c845049456d01832013c61336a8cd85901330ac821a71534,0,OK,Thread Group 1-1,text,true,,164,0,1,1,null,0,0,0
1731534653874,2367,155e47f8e7f751d0c845049456d01832013c61336a8cd85901330ac821a71534,0,OK,Thread Group 1-1,text,true,,93,0,1,1,null,0,0,0
1731534656271,7994,155e47f8e7f751d0c845049456d01832013c61336a8cd85901330ac821a71534,0,OK,Thread Group 1-1,text,true,,164,0,1,1,null,0,0,0
1731538443082,2822,155e47f8e7f751d0c845049456d01832013c61336a8cd85901330ac821a71534,0,OK,Thread Group 1-1,text,true,,101,0,1,1,null,0,0,0
1731538445992,8197,155e47f8e7f751d0c845049456d01832013c61336a8cd85901330ac821a71534,0,OK,Thread Group 1-1,text,true,,164,0,1,1,null,0,0,0
1731538513015,2387,155e47f8e7f751d0c845049456d01832013c61336a8cd85901330ac821a71534,0,OK,Thread Group 1-1,text,true,,93,0,1,1,null,0,0,0
1731538525459,1405,155e47f8e7f751d0c845049456d01832013c61336a8cd85901330ac821a71534,1,OK,Thread Group 1-1,text,true,,2641,0,1,1,null,0,0,0
1731538658864,3645,155e47f8e7f751d0c845049456d01832013c61336a8cd85901330ac821a71534,0,OK,Thread Group 1-1,text,true,,100,0,1,1,null,0,0,0
1731538662558,5899,155e47f8e7f751d0c845049456d01832013c61336a8cd85901330ac821a71534,0,OK,Thread Group 1-1,text,true,,164,0,1,1,null,0,0,0
1731538751803,2387,155e47f8e7f751d0c845049456d01832013c61336a8cd85901330ac821a71534,0,OK,Thread Group 1-1,text,true,,100,0,1,1,null,0,0,0
1731538754210,6542,155e47f8e7f751d0c845049456d01832013c61336a8cd85901330ac821a71534,0,OK,Thread Group 1-1,text,true,,162,0,1,1,null,0,0,0
1731538956796,2951,155e47f8e7f751d0c845049456d01832013c61336a8cd85901330ac821a71534,0,OK,Thread Group 1-1,text,true,,101,0,1,1,null,0,0,0
1731538959864,7187,155e47f8e7f751d0c845049456d01832013c61336a8cd85901330ac821a71534,0,OK,Thread Group 1-1,text,true,,163,0,1,1,null,0,0,0
1731539991844,3169,155e47f8e7f751d0c845049456d01832013c61336a8cd85901330ac821a71534,0,OK,Thread Group 1-1,text,true,,100,0,1,1,null,0,0,0
1731539995266,19627,155e47f8e7f751d0c845049456d01832013c61336a8cd85901330ac821a71534,0,OK,Thread Group 1-1,text,true,,161,0,1,1,null,0,0,0
